date,All Items,Food,Transport,Clothing And Footwear,Health,Housing Water Electricity Gas And Other  Fuel,exchange_rate,crude_oil_price,inflation_rate,Food_mom_pct,Transport_mom_pct,Clothing And Footwear_mom_pct,Health_mom_pct,Housing Water Electricity Gas And Other  Fuel_mom_pct,subsidy_removal_2023,fx_unification_2023,covid_period
2000-01-01,29.38,29.13,34.64,54.54,57.48,24.09,98.9,63.85,,,,,,,0,0,0
2000-02-01,29.74,29.59,35.45,54.55,58.22,24.05,100.2,63.85,1.2253233492171445,1.5791280466872726,2.338337182448047,0.01833516685001424,1.2874043145441938,-0.16604400166043698,0,0,0
2000-03-01,30.06,29.78,35.23,54.26,57.95,24.69,100.12,63.85,1.0759919300605159,0.6421088205474934,-0.6205923836389404,-0.5316223648029306,-0.46375815870833836,2.6611226611226613,0,0,0
2000-04-01,30.66,30.33,35.33,55.06,57.92,25.79,99.87,63.85,1.9960079840319445,1.8468770987239758,0.28384899233608873,1.4743826022852957,-0.051768766177739955,4.455245038477118,0,0,0
2000-05-01,31.62,31.04,36.03,55.23,60.82,27.94,100.7,63.85,3.131115459882583,2.340916584240027,1.9813189923577834,0.308754086451124,5.006906077348061,8.336564559906945,0,0,0
2000-06-01,32.99,31.58,36.9,54.88,59.39,32.51,101.7,63.85,4.3327008222644015,1.7396907216494784,2.4146544546211457,-0.6337135614702061,-2.3512002630713624,16.356478167501788,0,0,0
2000-07-01,32.83,31.57,37.05,55.57,59.58,31.65,103.5,63.85,-0.4849954531676359,-0.03166561114629207,0.40650406504063596,1.2572886297375963,0.3199191783128441,-2.6453398954167984,0,0,0
2000-08-01,33.59,31.8,38.17,55.94,60.92,34.23,102.05,63.85,2.314955833079524,0.7285397529299908,3.022941970310411,0.6658268850098903,2.249076871433364,8.151658767772506,0,0,0
2000-09-01,34.06,31.41,38.17,56.18,59.67,37.66,101.75,63.85,1.3992259601071755,-1.226415094339628,0.0,0.4290311047550954,-2.0518713066316474,10.020449897750506,0,0,0
2000-10-01,34.26,31.44,38.02,56.49,58.73,38.46,102.0,63.85,0.5871990604814803,0.09551098376314737,-0.39297877914592494,0.551797792808828,-1.5753309870957022,2.124269782262367,0,0,0
2000-11-01,33.79,31.42,39.1,55.99,60.49,36.13,102.1,63.85,-1.371862230005838,-0.06361323155216203,2.8406102051551807,-0.8851124092759788,2.9967648561212368,-6.058242329693186,0,0,0
2000-12-01,33.93,31.78,39.15,57.1,60.55,34.75,109.55,63.85,0.41432376442733787,1.145767027371103,0.12787723785165905,1.9824968744418525,0.09918994875184328,-3.8195405480210387,0,0,0
2001-01-01,34.56,32.69,40.45,56.94,61.86,34.65,110.3,63.85,1.8567639257294433,2.8634361233480066,3.3205619412516096,-0.28021015761822143,2.1635012386457486,-0.2877697841726645,0,0,0
2001-02-01,35.27,33.69,41.49,55.17,60.74,35.33,113.7,63.85,2.05439814814814,3.059039461609059,2.571075401730538,-3.1085353003161176,-1.8105399288716462,1.9624819624819656,0,0,0
2001-03-01,35.53,34.63,40.95,56.35,58.44,32.82,110.2,63.85,0.7371703997731682,2.790145443751868,-1.3015184381778733,2.1388435744063905,-3.7866315442871334,-7.104443815454287,0,0,0
2001-04-01,37.78,38.43,39.14,56.98,57.29,31.7,113.7,63.85,6.332676611314381,10.973144672249479,-4.4200244200244265,1.1180124223602483,-1.9678302532511904,-3.4125533211456505,0,0,0
2001-05-01,38.88,40.41,37.56,54.69,57.83,30.88,112.6,63.85,2.9115934356802597,5.152224824355955,-4.036791006642815,-4.0189540189540125,0.9425728748472695,-2.5867507886435326,0,0,0
2001-06-01,38.29,41.2,35.69,52.58,56.12,25.38,111.5,63.85,-1.5174897119341613,1.9549616431576489,-4.978700745473919,-3.8581093435728686,-2.956942763271664,-17.81088082901554,0,0,0
2001-07-01,39.07,41.97,37.81,54.08,56.45,27.64,111.2,63.85,2.0370854008879613,1.8689320388349362,5.940039226674143,2.8527957398250203,0.5880256593015165,8.904649330181247,0,0,0
2001-08-01,39.87,42.57,36.69,58.1,56.64,29.57,111.11,63.85,2.0476068594829755,1.4295925661186537,-2.962179317640845,7.433431952662728,0.3365810451727125,6.982633863965271,0,0,0
2001-09-01,40.57,43.83,37.52,52.99,54.16,29.48,110.11,63.85,1.7557060446451,2.9598308668076,2.262196783864834,-8.79518072289156,-4.378531073446334,-0.3043625295907959,0,0,0
2001-10-01,40.89,43.09,40.25,52.75,54.03,31.91,110.11,63.85,0.7887601676115352,-1.6883413187314456,7.276119402985071,-0.452915644461227,-0.24002954209747518,8.242876526458609,0,0,0
2001-11-01,39.68,41.31,42.87,52.83,54.18,30.5,112.1,63.85,-2.9591587185130885,-4.130888837317248,6.509316770186335,0.1516587677725001,0.27762354247640175,-4.418677530554682,0,0,0
2001-12-01,39.53,40.97,44.33,60.98,50.07,29.72,112.95,63.85,-0.37802419354838745,-0.8230452674897193,3.4056449731747263,15.426840810145759,-7.585825027685489,-2.5573770491803316,0,0,0
2002-01-01,40.97,42.26,41.54,53.74,55.72,34.93,113.7,63.85,3.6428029344801383,3.148645350256274,-6.2937062937062915,-11.87274516234831,11.284202117036157,17.530282637954244,0,0,0
2002-02-01,41.61,43.05,40.97,53.1,56.23,34.32,115.2,63.85,1.5621186233829576,1.8693800283956508,-1.372171401059219,-1.1909192407889901,0.9152907394113452,-1.7463498425422275,0,0,0
2002-03-01,41.7,43.3,38.27,56.28,58.11,33.95,115.6,63.85,0.21629416005768398,0.5807200929152101,-6.590187942396863,5.988700564971761,3.3434109905744247,-1.0780885780885652,0,0,0
2002-04-01,42.6,44.13,37.91,54.12,51.99,35.89,115.8,63.85,2.1582733812949506,1.9168591224018705,-0.9406846093546029,-3.837953091684443,-10.531750129065564,5.714285714285716,0,0,0
2002-05-01,42.84,44.89,38.24,55.05,56.63,34.75,116.3,63.85,0.5633802816901401,1.72218445501926,0.8704827222368872,1.7184035476718318,8.924793229467198,-3.176372248537196,0,0,0
2002-06-01,42.97,45.45,39.38,50.92,52.84,36.74,119.6,63.85,0.30345471521942,1.2474938739140073,2.9811715481171452,-7.5022706630335945,-6.692565777856263,5.7266187050359685,0,0,0
2002-07-01,45.15,48.31,42.12,51.82,57.66,34.98,125.5,63.85,5.073306958343027,6.292629262926286,6.957846622651087,1.7674783974862551,9.12187736563208,-4.790419161676662,0,0,0
2002-08-01,44.77,47.03,43.05,55.66,55.97,35.68,125.5,63.85,-0.8416389811738534,-2.649554957565725,2.2079772079772075,7.41026630644539,-2.930974679153653,2.0011435105774744,0,0,0
2002-09-01,44.61,46.33,41.83,59.11,63.39,35.42,125.75,63.85,-0.35738217556400276,-1.488411652136945,-2.8339140534262452,6.198347107438029,13.257102018938728,-0.7286995515695005,0,0,0
2002-10-01,43.08,43.39,40.77,56.68,52.29,37.65,126.25,63.85,-3.429724277067925,-6.34578027196201,-2.5340664594788342,-4.110979529690406,-17.510648367250358,6.295878035008462,0,0,0
2002-11-01,44.51,44.31,44.33,57.7,68.5,39.94,126.41,63.85,3.3194057567316637,2.1203042175616638,8.73191071866568,1.799576570218786,31.000191241155093,6.0823373173970685,0,0,0
2002-12-01,44.34,44.71,46.33,61.07,70.53,37.98,126.4,63.85,-0.3819366434508975,0.9027307605506518,4.5116174148432275,5.84055459272097,2.9635036496350464,-4.907361041562341,0,0,0
2003-01-01,45.31,45.45,40.49,61.07,69.89,40.57,126.77,63.85,2.187640956247172,1.655110713486918,-12.605223397366705,0.0,-0.9074152842761918,6.819378620326488,0,0,0
2003-02-01,44.64,44.54,42.68,58.42,60.61,39.58,126.52,63.85,-1.4787022732288713,-2.00220022002201,5.408742899481345,-4.339282790240706,-13.278008298755184,-2.4402267685481926,0,0,0
2003-03-01,44.15,43.34,43.22,60.76,67.08,38.8,126.87,63.85,-1.0976702508960656,-2.6942074539739513,1.265229615745067,4.005477576172534,10.674806137601056,-1.970692268822638,0,0,0
2003-04-01,46.12,45.6,49.12,61.67,65.26,41.15,127.1,63.85,4.4620611551528855,5.214582371942766,13.651087459509492,1.497695852534564,-2.713178294573637,6.056701030927836,0,0,0
2003-05-01,46.56,46.37,52.15,60.57,59.2,41.25,127.32,63.85,0.9540329575021822,1.688596491228056,6.168566775244311,-1.783687368250364,-9.285933190315665,0.2430133657351119,0,0,0
2003-06-01,48.98,48.28,52.47,62.48,63.72,45.46,127.42,63.85,5.197594501718195,4.119042484364899,0.6136145733461218,3.153376258874019,7.635135135135118,10.206060606060618,0,0,0
2003-07-01,50.99,48.37,53.22,63.03,74.85,53.08,127.23,63.85,4.103715802368324,0.18641259320628656,1.4293882218410436,0.8802816901408494,17.46704331450093,16.761988561372632,0,0,0
2003-08-01,50.34,47.46,53.47,65.62,64.61,51.02,127.8,63.85,-1.2747597568150582,-1.8813314037626538,0.46974821495677777,4.109154370934487,-13.680694722778885,-3.880934438583261,0,0,0
2003-09-01,52.81,49.22,56.68,72.76,74.17,57.01,127.86,63.85,4.9066348827969675,3.7083860092709697,6.003366373667474,10.880829015544036,14.796471134499312,11.740493923951378,0,0,0
2003-10-01,53.25,49.12,60.35,78.01,72.19,57.23,132.02,63.85,0.8331755349365588,-0.2031694433157316,6.474947071277359,7.215503023639358,-2.669542941890257,0.3858972110156067,0,0,0
2003-11-01,53.98,49.79,62.69,78.07,76.29,56.9,137.7,63.85,1.370892018779335,1.3640065146579783,3.8773819386909603,0.07691321625431513,5.679456988502585,-0.5766206535034013,0,0,0
2003-12-01,54.89,51.61,60.16,80.85,79.87,56.54,136.5,63.85,1.6858095590959632,3.6553524804177506,-4.035731376615093,3.560906878442416,4.692620264779124,-0.6326889279437586,0,0,0
2004-01-01,55.46,50.86,65.26,82.48,74.88,57.5,134.8,63.85,1.0384405173984312,-1.4532067428792872,8.477393617021288,2.0160791589363125,-6.247652435207218,1.6979129819596706,0,0,0
2004-02-01,55.73,51.02,62.97,83.91,89.55,58.56,134.5,63.85,0.48683736025962876,0.3145890680299024,-3.5090407600367857,1.7337536372453943,19.591346153846168,1.8434782608695688,0,0,0
2004-03-01,54.06,50.1,67.23,82.18,89.09,56.16,133.35,63.85,-2.996590705185709,-1.8032144257154048,6.765126250595532,-2.061732808961969,-0.5136795086543744,-4.098360655737709,0,0,0
2004-04-01,54.21,52.16,64.9,65.34,73.41,54.51,132.8,63.85,0.2774694783573839,4.111776447105786,-3.465714710694623,-20.491603796544176,-17.60017959366933,-2.9380341880341887,0,0,0
2004-05-01,55.77,54.74,61.21,65.63,70.54,52.57,131.75,63.85,2.877697841726623,4.946319018404921,-5.685670261941455,0.44383226201407666,-3.909549107750976,-3.5589800036690433,0,0,0
2004-06-01,55.88,55.3,61.68,66.07,66.06,54.35,132.25,63.85,0.19723865877712132,1.0230179028132946,0.767848390785808,0.6704251104677761,-6.351006521122771,3.3859615750428063,0,0,0
2004-07-01,56.43,54.29,61.02,67.92,69.34,57.11,132.32,63.85,0.9842519685039353,-1.826401446654613,-1.0700389105058328,2.8000605418495583,4.9651831668180435,5.078196872125118,0,0,0
2004-08-01,56.89,55.21,62.81,69.44,69.6,56.98,132.33,63.85,0.8151692362218688,1.6946030576533433,2.9334644378892216,2.2379269729092988,0.3749639457744314,-0.22763088776046603,0,0,0
2004-09-01,57.63,56.39,60.21,68.84,67.5,58.95,132.37,63.85,1.3007558446124223,2.1372939684839665,-4.139468237541799,-0.864055299539157,-3.0172413793103314,3.4573534573534737,0,0,0
2004-10-01,58.96,56.67,60.33,69.55,69.3,62.61,132.4,63.85,2.3078257851813166,0.49654194006030217,0.19930244145489606,1.0313771063335198,2.6666666666666616,6.208651399491094,0,0,0
2004-11-01,59.4,57.29,61.26,71.6,69.35,64.41,132.37,63.85,0.746268656716409,1.0940532909828882,1.5415216310293411,2.947519769949669,0.07215007215006786,2.8749401054144696,0,0,0
2004-12-01,60.39,57.86,60.21,67.48,65.89,64.52,132.35,63.85,1.6666666666666607,0.9949380345610104,-1.7140058765915733,-5.754189944134069,-4.989185291997112,0.17078093463747113,0,0,0
2005-01-01,60.92,58.53,60.99,70.17,70.27,65.59,132.36,63.85,0.8776287464812071,1.157967507777391,1.2954658694569021,3.986366330764657,6.647442707542872,1.658400495970258,0,0,0
2005-02-01,61.83,60.56,61.56,71.13,69.6,61.68,132.35,63.85,1.493762311227842,3.4683068511874193,0.9345794392523477,1.3681060282171753,-0.9534652056354065,-5.961274584540332,0,0,0
2005-03-01,62.86,62.63,59.35,71.29,70.11,63.16,132.35,63.85,1.6658579977357313,3.41809775429327,-3.5899935022742024,0.2249402502460418,0.7327586206896664,2.399481193255504,0,0,0
2005-04-01,63.94,62.74,64.23,72.09,73.02,65.91,132.33,63.85,1.718103722558073,0.175634679865877,8.222409435551814,1.1221770234254302,4.150620453572951,4.354021532615571,0,0,0
2005-05-01,65.15,63.36,64.75,72.77,75.04,67.63,132.33,63.85,1.892399124178934,0.9882052916799555,0.8095905340183673,0.9432653627410081,2.7663653793481346,2.609619177666511,0,0,0
2005-06-01,66.26,65.28,67.39,74.42,73.29,65.06,132.37,63.85,1.7037605525709987,3.0303030303030276,4.077220077220067,2.2674178919884547,-2.332089552238803,-3.80008871802453,0,0,0
2005-07-01,71.18,73.65,69.02,74.61,75.27,65.92,132.36,63.85,7.425294295200735,12.821691176470583,2.418756492061136,0.25530771298036825,2.701596397871464,1.321856747617578,0,0,0
2005-08-01,72.94,76.47,66.93,73.76,75.23,64.43,129.07,63.85,2.4726046642315147,3.82892057026476,-3.028107794842061,-1.1392574721887039,-0.05314202205393137,-2.2603155339805725,0,0,0
2005-09-01,71.64,73.0,65.56,70.62,76.56,66.08,129.0,63.85,-1.7822868110775936,-4.537727213286258,-2.046914686986412,-4.257049891540133,1.7679117373388342,2.5609188266335403,0,0,0
2005-10-01,69.93,70.59,69.72,72.89,75.68,66.88,129.53,63.85,-2.386934673366825,-3.3013698630136923,6.345332519829161,3.214386859246665,-1.1494252873563204,1.2106537530266248,0,0,0
2005-11-01,68.39,68.58,67.61,73.15,79.05,64.73,129.01,63.85,-2.202202202202208,-2.847428814279651,-3.0263912794033287,0.3567018795445298,4.452959830866798,-3.2147129186602785,0,0,0
2005-12-01,67.37,66.84,67.72,68.42,81.96,65.23,129.0,63.85,-1.4914461178534788,-2.5371828521434714,0.16269782576541214,-6.466165413533842,3.6812144212523767,0.7724393635099691,0,0,0
2006-01-01,67.44,67.14,73.62,69.89,81.31,64.94,130.29,63.85,0.10390381475433585,0.4488330341112956,8.712344949793271,2.1484945922245036,-0.7930697901415207,-0.4445807143952263,0,0,0
2006-02-01,68.53,66.92,68.48,73.71,87.3,73.5,129.28,61.33,1.6162514827995356,-0.3276735180220425,-6.981798424341212,5.465731864358259,7.366867543967515,13.181398213735761,0,0,0
2006-03-01,70.43,68.43,70.08,72.29,87.65,76.87,128.52,65.0,2.7725083904859282,2.2564255827854263,2.3364485981308247,-1.9264685931352443,0.4009163802978444,4.585034013605438,0,0,0
2006-04-01,71.97,68.79,71.38,75.14,84.06,78.92,128.45,72.09,2.1865682237682593,0.5260850504164916,1.8550228310502348,3.9424540047032774,-4.095835710211071,2.6668401196825675,0,0,0
2006-05-01,72.02,68.82,73.38,73.24,76.49,77.46,128.46,71.18,0.06947339169098843,0.04361098996945589,2.8019052956010038,-2.528613255256862,-9.005472281703552,-1.8499746578814036,0,0,0
2006-06-01,71.88,69.35,73.07,75.42,76.99,79.52,128.44,69.32,-0.1943904470980251,0.7701249636733465,-0.4224584355410177,2.976515565264881,0.6536802196365432,2.6594371288406915,0,0,0
2006-07-01,73.31,70.93,72.25,80.15,72.46,77.7,128.36,75.13,1.9894268224819323,2.2782984859408995,-1.1222115779389585,6.271546009016182,-5.883881023509552,-2.2887323943661886,0,0,0
2006-08-01,75.67,74.73,73.4,80.09,83.72,77.88,128.29,75.15,3.219206111035322,5.357394614408562,1.591695501730106,-0.07485963817841501,15.539608059619114,0.23166023166021343,0,0,0
2006-09-01,76.12,76.11,77.4,81.43,85.35,77.75,128.27,62.97,0.5946874587022588,1.8466479325571994,5.449591280653943,1.6731177425396426,1.946966077400858,-0.1669234720082069,0,0,0
2006-10-01,74.22,73.91,77.62,86.31,89.66,76.19,128.31,59.49,-2.496058854440364,-2.8905531467612655,0.2842377260981799,5.9928773179417805,5.0497949619215055,-2.0064308681672083,0,0,0
2006-11-01,73.69,72.28,78.8,84.09,89.18,76.4,128.27,59.81,-0.7140932363244423,-2.205384927614662,1.5202267456840834,-2.5721237400069485,-0.5353557885344529,0.2756267226670328,0,0,0
2006-12-01,73.13,69.43,83.87,88.46,90.09,77.13,128.27,64.7,-0.7599402904057584,-3.9429994465965623,6.434010152284264,5.196812938518236,1.0204081632652962,0.9554973821989332,0,0,0
2007-01-01,72.82,67.05,87.82,84.74,88.02,79.25,128.28,55.57,-0.42390263913578696,-3.4279130059052365,4.709669726958365,-4.205290526791772,-2.2977022977023087,2.748606249189689,0,0,0
2007-02-01,73.38,69.14,89.64,85.77,86.84,77.31,128.28,59.97,0.7690195001373246,3.1170768083519818,2.0724208608517536,1.2154826528203877,-1.3406044080890633,-2.447949526813875,0,0,0
2007-03-01,74.12,69.6,84.17,85.41,84.18,81.27,128.06,64.28,1.0084491687108343,0.665316748625977,-6.102186523873265,-0.41972717733472775,-3.063104560110541,5.122235157159483,0,0,0
2007-04-01,75.01,70.21,84.43,87.23,81.63,82.05,127.87,70.46,1.2007555315704188,0.8764367816092022,0.30889865747891765,2.130898021308991,-3.029223093371358,0.9597637504614287,0,0,0
2007-05-01,75.36,70.45,90.11,83.75,79.13,84.13,127.49,70.4,0.46660445273962736,0.34183164791341536,6.727466540329252,-3.989453169781043,-3.0625995344848667,2.5350396099939054,0,0,0
2007-06-01,76.51,71.57,93.14,81.97,80.47,85.38,127.3105,73.28,1.5260084925690087,1.5897799858055173,3.3625568749306334,-2.1253731343283566,1.6934158978895608,1.4857957922263187,0,0,0
2007-07-01,76.86,71.73,88.7,84.02,79.86,87.39,127.1186,79.76,0.45745654162854255,0.22355735643426744,-4.767017393171569,2.5009149688910437,-0.7580464769479267,2.3541813070976803,0,0,0
2007-08-01,78.86,73.85,89.17,84.13,88.56,88.87,126.1995,73.76,2.6021337496747288,2.955527673219005,0.529875986471251,0.13092120923590134,10.894064613072874,1.6935576152877996,0,0,0
2007-09-01,79.25,75.51,91.34,84.76,84.75,87.55,125.644,79.76,0.49454729901090566,2.2477995937711714,2.4335538858360373,0.748841079282081,-4.302168021680219,-1.4853156295712933,0,0,0
2007-10-01,77.6,73.85,87.47,86.86,89.57,85.65,123.0988,83.86,-2.0820189274448064,-2.198384319957636,-4.236917013356689,2.477583765927327,5.687315634218271,-2.170188463735001,0,0,0
2007-11-01,77.5,74.58,89.38,86.41,84.93,83.3,118.8568,95.05,-0.12886597938143174,0.9884901828029813,2.183605807705491,-0.5180750633202891,-5.180305905995297,-2.7437244600116872,0,0,0
2007-12-01,77.93,75.14,89.75,86.49,84.25,83.64,117.968,93.4,0.5548387096774299,0.7508715473317329,0.41396285522488085,0.09258187709755283,-0.8006593665371597,0.40816326530612734,0,0,0
2008-01-01,79.06,75.53,86.53,86.3,83.86,84.61,117.98,94.26,1.4500192480431107,0.519031141868509,-3.5877437325905315,-0.21967857555786896,-0.462908011869434,1.1597321855571385,0,0,0
2008-02-01,79.27,75.15,88.36,86.56,83.37,85.23,117.95,98.15,0.2656210473058307,-0.5031113464848302,2.114873454293309,0.30127462340672206,-0.5843071786310494,0.732773903793893,0,0,0
2008-03-01,79.89,78.24,84.38,85.11,86.08,83.25,117.9,103.73,0.7821370001261485,4.111776447105764,-4.504300588501586,-1.675138632162665,3.250569749310306,-2.3231256599788863,0,0,0
2008-04-01,81.13,79.43,88.6,89.38,89.45,84.35,117.87,116.73,1.552134184503684,1.5209611451942884,5.001185114956153,5.017036775937012,3.9149628252788116,1.3213213213213226,0,0,0
2008-05-01,82.67,80.78,87.93,90.73,90.54,85.57,117.83,126.57,1.8981880931837836,1.6996097192496507,-0.7562076749435542,1.5104050123070145,1.2185578535494734,1.4463544754001134,0,0,0
2008-06-01,85.72,84.5,88.27,92.77,91.62,88.39,117.8,138.74,3.689367364219187,4.605100272344642,0.3866712157397867,2.248429405929664,1.1928429423459175,3.2955475049667005,0,0,0
2008-07-01,87.58,86.71,89.66,94.17,93.48,90.8,117.76,137.74,2.169855342977134,2.615384615384597,1.5747139458479609,1.509108548021998,2.030124426981006,2.72655277746352,0,0,0
2008-08-01,88.6,87.72,88.62,95.66,92.42,92.52,117.73,115.84,1.1646494633478,1.1648022142774828,-1.1599375418246627,1.582244876287553,-1.1339323919555055,1.8942731277532987,0,0,0
2008-09-01,89.58,88.45,88.29,95.51,92.32,94.1,117.73,103.82,1.1060948081264232,0.8321933424532579,-0.3723764387271511,-0.15680535228934644,-0.108201687946341,1.7077388672719351,0,0,0
2008-10-01,89.04,88.02,88.78,95.97,93.25,93.29,117.74,75.31,-0.602813127930335,-0.486150367439242,0.554989240004522,0.4816249607370926,1.0073656845754009,-0.8607863974495089,0,0,0
2008-11-01,88.99,88.12,89.17,95.88,94.18,92.01,117.79,55.51,-0.05615453728662345,0.11361054305840668,0.43928812795674954,-0.09377930603313711,0.9973190348525618,-1.3720656018865962,0,0,0
2008-12-01,89.66,88.64,90.86,96.94,96.05,93.46,132.56,45.87,0.7528935835487083,0.5901044030866887,1.8952562521027172,1.1055486024196925,1.9855595667869874,1.575915661341143,0,0,0
2009-01-01,90.2,89.5,91.2,97.0,97.1,92.3,145.96,44.95,0.6022752621012817,0.9702166064981865,0.37420206911733533,0.06189395502371742,1.0931806350858997,-1.2411726942007206,0,0,0
2009-02-01,90.8,90.2,90.2,97.0,98.6,92.6,147.31,46.52,0.6651884700665134,0.7821229050279266,-1.0964912280701733,0.0,1.5447991761071034,0.3250270855904569,0,0,0
2009-03-01,91.4,90.9,91.0,97.1,99.0,92.6,147.16,49.7,0.6607929515418665,0.77605321507761,0.8869179600886845,0.10309278350515427,0.40567951318459805,0.0,0,0,0
2009-04-01,91.9,91.6,94.4,97.5,101.1,92.9,147.36,51.16,0.547045951859948,0.7700770077007535,3.736263736263745,0.4119464469618972,2.1212121212121238,0.3239740820734527,0,0,0
2009-05-01,93.6,93.5,96.0,96.7,99.2,94.3,148.17,60.02,1.8498367791077053,2.0742358078602585,1.6949152542372836,-0.8205128205128198,-1.879327398615227,1.5069967707211918,0,0,0
2009-06-01,95.3,95.6,94.0,97.1,100.1,96.3,148.22,72.24,1.8162393162393098,2.2459893048128343,-2.083333333333337,0.4136504653567741,0.9072580645161255,2.1208907741251393,0,0,0
2009-07-01,97.3,97.9,92.5,97.9,101.7,98.3,151.25,66.52,2.098635886673672,2.405857740585793,-1.5957446808510634,0.8238928939237944,1.598401598401611,2.0768431983385183,0,0,0
2009-08-01,98.4,98.9,93.1,99.1,101.8,98.4,152.42,74.0,1.1305241521069043,1.0214504596527174,0.648648648648642,1.2257405515832431,0.0983284169124854,0.10172939979655737,0,0,0
2009-09-01,98.9,99.5,94.9,99.1,101.6,98.7,148.79,70.22,0.5081300813008172,0.6066734074823055,1.9334049409237553,0.0,-0.19646365422396617,0.304878048780477,0,0,0
2009-10-01,99.4,99.9,96.0,99.6,102.3,99.5,150.63,78.25,0.5055611729019249,0.4020100502512669,1.1591148577449806,0.5045408678102881,0.6889763779527547,0.8105369807497542,0,0,0
2009-11-01,100.0,100.0,100.0,100.0,100.0,100.0,149.79,78.11,0.6036217303822866,0.10010010010008674,4.166666666666674,0.40160642570281624,-2.2482893450635366,0.5025125628140614,0,0,0
2009-12-01,102.2,102.4,101.8,101.5,101.8,100.2,149.58,75.11,2.200000000000002,2.400000000000002,1.8000000000000016,1.4999999999999902,1.8000000000000016,0.20000000000000018,0,0,0
2010-01-01,103.1,103.7,103.0,102.4,103.0,100.6,150.32,77.62,0.8806262230919737,1.26953125,1.1787819253438192,0.886699507389177,1.1787819253438192,0.39920159680637557,0,0,0
2010-02-01,105.0,104.8,104.7,103.4,104.9,102.3,150.1,75.06,1.8428709990300662,1.060752169720347,1.650485436893212,0.9765625,1.844660194174752,1.6898608349900535,0,0,0
2010-03-01,104.9,105.3,104.8,104.5,105.3,102.2,149.78,80.27,-0.09523809523809268,0.4770992366412319,0.09551098376312517,1.0638297872340274,0.38131553860818457,-0.09775171065493637,0,0,0
2010-04-01,105.7,106.6,106.8,105.1,104.9,102.2,150.1,85.29,0.7626310772163913,1.2345679012345734,1.9083969465648831,0.574162679425827,-0.3798670465337106,0.0,0,0,0
2010-05-01,105.7,105.7,106.3,105.9,104.8,102.1,150.27,77.54,0.0,-0.8442776735459567,-0.46816479400748623,0.7611798287345595,-0.09532888465205724,-0.09784735812133905,0,0,0
2010-06-01,108.8,110.0,107.4,109.1,108.5,104.8,149.99,75.79,2.9328287606433356,4.068117313150421,1.0348071495766886,3.0217186024551257,3.5305343511450316,2.6444662095984395,0,0,0
2010-07-01,109.9,111.6,107.5,110.3,110.3,105.1,150.09,77.18,1.011029411764719,1.4545454545454417,0.09310986964616852,1.0999083409715782,1.6589861751151957,0.2862595419847347,0,0,0
2010-08-01,111.9,113.8,108.6,112.8,112.3,106.2,150.78,78.67,1.8198362147406666,1.971326164874565,1.023255813953483,2.2665457842248493,1.8132366273798661,1.0466222645099998,0,0,0
2010-09-01,112.4,114.0,112.2,112.4,112.0,109.9,151.35,79.45,0.44682752457552155,0.17574692442883233,3.314917127071837,-0.35460992907800915,-0.2671415850400649,3.4839924670433176,0,0,0
2010-10-01,112.7,114.0,107.1,112.8,114.8,111.0,149.99,84.42,0.2669039145907437,0.0,-4.545454545454552,0.3558718861209842,2.499999999999991,1.0009099181073733,0,0,0
2010-11-01,112.8,114.4,111.7,112.0,111.1,112.6,150.24,86.71,0.08873114463177068,0.35087719298245723,4.29505135387489,-0.7092198581560294,-3.222996515679444,1.4414414414414267,0,0,0
2010-12-01,114.2,115.4,112.9,113.7,112.7,113.2,150.66,92.79,1.2411347517730542,0.8741258741258751,1.07430617726052,1.5178571428571486,1.4401440144014455,0.5328596802842034,0,0,0
2011-01-01,115.59,114.33,109.23,114.4,111.35,113.86,151.85,97.96,1.2171628721541206,-0.9272097053726225,-3.2506643046944173,0.6156552330694787,-1.1978704525288486,0.5830388692579458,0,0,0
2011-02-01,116.7,117.7,117.2,116.0,114.7,114.7,152.07,106.57,0.9602906825850077,2.947607801976737,7.29653025725534,1.3986013986013957,3.0085316569375964,0.7377481117161411,0,0,0
2011-03-01,118.3,118.1,115.5,116.5,117.5,116.0,153.04,116.56,1.371036846615259,0.3398470688190214,-1.4505119453924964,0.4310344827586299,2.441150828247607,1.1333914559720881,0,0,0
2011-04-01,117.7,119.0,114.8,116.2,117.2,121.0,154.45,124.49,-0.507185122569731,0.7620660457239747,-0.60606060606061,-0.2575107296137302,-0.2553191489361728,4.31034482758621,0,0,0
2011-05-01,118.7,118.5,115.7,118.2,116.6,121.2,155.13,118.43,0.8496176720475868,-0.42016806722688926,0.7839721254355503,1.721170395869187,-0.5119453924914752,0.16528925619834212,0,0,0
2011-06-01,119.9,120.1,118.5,118.0,119.9,121.6,153.31,117.03,1.0109519797809607,1.3502109704641274,2.420051858254113,-0.16920473773266442,2.8301886792452935,0.3300330033003229,0,0,0
2011-07-01,120.3,120.4,120.7,117.7,118.3,122.5,151.96,117.86,0.33361134278564464,0.24979184013322886,1.8565400843881807,-0.25423728813559476,-1.334445371142623,0.7401315789473673,0,0,0
2011-08-01,122.3,123.7,121.9,118.7,120.4,124.5,153.92,111.99,1.6625103906899419,2.740863787375414,0.9942004971002616,0.8496176720475868,1.775147928994092,1.6326530612244872,0,0,0
2011-09-01,124.0,124.8,122.3,119.9,122.3,126.1,156.15,115.73,1.3900245298446468,0.8892481810832686,0.3281378178835004,1.0109519797809607,1.5780730897009931,1.2851405622489986,0,0,0
2011-10-01,124.6,125.0,122.2,120.6,121.8,128.5,151.75,113.12,0.4838709677419395,0.1602564102564097,-0.08176614881438837,0.5838198498748781,-0.40883074407195297,1.9032513877874857,0,0,0
2011-11-01,124.7,125.4,123.3,121.9,122.7,128.1,157.87,113.92,0.08025682182986049,0.32000000000000917,0.9001636661211121,1.0779436152570598,0.7389162561576512,-0.3112840466926059,0,0,0
2011-12-01,126.0,128.1,128.7,122.3,122.8,131.9,158.27,111.46,1.0425020048115519,2.1531100478468845,4.379562043795615,0.3281378178835004,0.08149959250203231,2.9664324746291992,0,0,0
2012-01-01,130.2,129.3,127.8,121.1,122.7,131.8,158.62,113.81,3.3333333333333215,0.9367681498829272,-0.6993006993006978,-0.9811937857726938,-0.08143322475570036,-0.07581501137224889,0,0,0
2012-02-01,130.5,129.1,127.9,121.1,122.7,131.8,157.46,121.87,0.23041474654379446,-0.15467904098995788,0.07824726134586513,0.0,0.0,0.0,0,0,0
2012-03-01,132.6,132.1,134.4,133.7,129.7,139.7,157.57,128.0,1.6091954022988464,2.323780015491872,5.082095387021113,10.404624277456653,5.704971475142617,5.993930197268571,0,0,0
2012-04-01,132.8,132.3,134.6,134.1,130.1,139.5,157.26,122.62,0.15082956259429015,0.15140045420136694,0.14880952380951218,0.29917726252806087,0.30840400925211675,-0.14316392269146938,0,0,0
2012-05-01,133.8,133.9,135.1,134.7,130.8,139.7,157.31,113.08,0.7530120481927804,1.2093726379440728,0.3714710252600284,0.4474272930648837,0.5380476556495095,0.14336917562722817,0,0,0
2012-06-01,135.3,134.5,135.5,134.8,131.1,146.5,157.5,98.06,1.1210762331838486,0.44809559372664953,0.2960769800148144,0.07423904974017681,0.2293577981651307,4.867573371510381,0,0,0
2012-07-01,135.7,135.0,135.8,134.9,131.3,146.7,157.4,104.62,0.2956393200295393,0.3717472118959009,0.22140221402215943,0.07418397626113293,0.15255530129674177,0.13651877133105117,0,0,0
2012-08-01,136.6,135.9,136.6,135.6,132.0,147.8,157.36,113.76,0.6632277081798144,0.6666666666666599,0.589101620029453,0.5189028910303817,0.5331302361005319,0.7498295841854352,0,0,0
2012-09-01,138.0,137.5,137.3,136.5,132.4,150.1,157.34,114.36,1.024890190336758,1.1773362766740236,0.5124450951683901,0.6637168141592875,0.3030303030303161,1.556156968876854,0,0,0
2012-10-01,139.2,138.8,138.5,137.5,133.1,151.5,157.27,108.92,0.8695652173912993,0.9454545454545604,0.8739985433357633,0.73260073260073,0.5287009063444037,0.9327115256495766,0,0,0
2012-11-01,140.0,139.8,138.9,138.2,133.5,152.3,157.32,111.05,0.5747126436781658,0.7204610951008661,0.2888086642599319,0.5090909090909035,0.3005259203606281,0.5280528052805433,0,0,0
2012-12-01,141.1,141.2,140.2,139.1,133.9,153.2,157.33,114.49,0.7857142857142785,1.0014306151645114,0.9359251259899004,0.651230101302458,0.2996254681647992,0.5909389363099038,0,0,0
2013-01-01,141.9,142.3,140.6,140.1,134.3,153.8,157.3,115.24,0.5669737774627981,0.7790368271954895,0.28530670470756636,0.7189072609633307,0.29873039581778116,0.3916449086162066,0,0,0
2013-02-01,143.0,143.3,141.9,141.3,135.5,155.2,157.31,118.81,0.7751937984496138,0.7027406886858767,0.9246088193456625,0.8565310492505418,0.8935219657483229,0.910273081924573,0,0,0
2013-03-01,144.0,144.6,142.4,141.8,136.4,155.9,157.31,112.79,0.6993006993007089,0.9071877180739651,0.35236081747709314,0.35385704175512345,0.6642066420664339,0.45103092783507215,0,0,0
2013-04-01,144.8,145.6,143.2,142.8,137.3,156.3,157.31,105.55,0.5555555555555536,0.6915629322268302,0.561797752808979,0.7052186177715081,0.6598240469208205,0.25657472738935816,0,0,0
2013-05-01,145.8,146.4,144.5,144.0,138.6,157.2,157.3,106.0,0.6906077348066253,0.5494505494505475,0.9078212290502874,0.8403361344537785,0.9468317552803862,0.5758157389635254,0,0,0
2013-06-01,146.6,147.5,145.0,144.6,139.4,158.0,157.31,106.06,0.548696844993124,0.7513661202185773,0.34602076124568004,0.4166666666666652,0.5772005772005873,0.5089058524173184,0,0,0
2013-07-01,147.4,148.4,145.5,145.2,140.0,158.8,157.32,109.78,0.5457025920873271,0.6101694915254363,0.34482758620688614,0.4149377593360981,0.43041606886655703,0.5063291139240533,0,0,0
2013-08-01,147.8,149.2,145.6,145.3,140.0,158.5,157.32,107.84,0.27137042062415073,0.5390835579514697,0.06872852233676952,0.06887052341599809,0.0,-0.18891687657431877,0,0,0
2013-09-01,148.9,150.4,146.7,146.3,140.9,159.4,157.31,113.59,0.7442489851150258,0.8042895442359255,0.7554945054945028,0.6882312456985451,0.642857142857145,0.5678233438485947,0,0,0
2013-10-01,150.0,151.6,147.8,147.5,142.0,160.3,157.36,112.29,0.738750839489577,0.7978723404255206,0.7498295841854352,0.8202323991797655,0.78069552874378,0.5646173149310041,0,0,0
2013-11-01,151.11,152.86,148.61,148.67,142.69,161.26,157.28,111.14,0.7400000000000073,0.8311345646438095,0.5480378890392545,0.7932203389830361,0.4859154929577558,0.5988771054273201,0,0,0
2013-12-01,152.29,154.25,149.59,149.75,143.52,162.18,157.26,112.75,0.7808880947653973,0.9093287975925568,0.6594441827602271,0.7264411111858493,0.5816805662625324,0.5705072553640278,0,0,0
2014-01-01,153.3,155.5,150.4,150.7,144.3,162.7,157.31,110.19,0.6632083524854115,0.8103727714748876,0.5414800454575763,0.634390651085126,0.5434782608695565,0.3206313972129671,0,0,0
2014-02-01,154.03,156.45,151.01,151.35,145.0,163.31,157.31,110.83,0.4761904761904745,0.6109324758842405,0.4055851063829774,0.431320504313204,0.485100485100487,0.3749231714812673,0,0,0
2014-03-01,155.23,158.02,152.01,151.95,145.9,164.17,157.3,109.47,0.7790690125300204,1.0035155001598017,0.6622078008079013,0.3964321110009772,0.6206896551724128,0.526605841650829,0,0,0
2014-04-01,156.19,159.27,152.58,152.66,146.32,164.91,157.29,110.41,0.6184371577659054,0.7910391089735569,0.3749753305703818,0.4672589667653826,0.28786840301575634,0.45075226898947385,0,0,0
2014-05-01,157.41,160.56,153.76,154.06,147.4,166.0,157.29,111.9,0.781099942377872,0.8099453757769881,0.7733647922401277,0.9170706144373098,0.7381082558775454,0.6609665878357873,0,0,0
2014-06-01,158.62,161.88,154.83,155.29,148.42,167.33,157.29,114.6,0.7686932215234199,0.8221225710014934,0.6958896982310225,0.7983902375697793,0.6919945725915699,0.8012048192771237,0,0,0
2014-07-01,159.65,163.11,155.44,156.15,149.12,168.27,157.29,109.63,0.6493506493506551,0.7598220904373676,0.3939804947361569,0.553802562946748,0.4716345505996644,0.5617641785693017,0,0,0
2014-08-01,160.42,164.01,156.25,156.81,149.92,168.71,157.29,102.33,0.4823050422799735,0.5517748758506302,0.5211013896037064,0.42267050912583315,0.5364806866952732,0.26148451892791247,0,0,0
2014-09-01,161.31,165.0,156.93,157.63,150.55,169.39,157.31,98.27,0.5547936666251196,0.6036217303823088,0.43520000000001335,0.5229258338116161,0.42022411953042127,0.4030585027561928,0,0,0
2014-10-01,162.13,165.82,157.65,158.63,151.42,170.06,157.32,83.5,0.508337982766105,0.4969696969696846,0.45880328809022597,0.6343970056461368,0.5778811026236896,0.3955369266190445,0,0,0
2014-11-01,163.1,166.8,158.4,159.8,152.4,170.8,166.65,80.42,0.5982853265897647,0.5910022916415514,0.4757373929590969,0.737565403769791,0.6472064456478854,0.4351405386334273,0,0,0
2014-12-01,164.4,168.4,159.7,161.3,153.5,171.8,169.68,63.28,0.797057020232983,0.9592326139088669,0.8207070707070496,0.9386733416770987,0.7217847769028785,0.5854800936768045,0,0,0
2015-01-01,165.77,169.85,160.77,162.66,154.74,172.94,169.68,48.81,0.8333333333333304,0.8610451306413136,0.6700062617407854,0.8431494110353377,0.8078175895765538,0.6635622817229292,0,0,0
2015-02-01,166.9,171.1,161.75,163.78,155.86,173.93,169.68,58.09,0.6816673704530318,0.7359434795407793,0.6095664614044871,0.6885528095413873,0.7237947524880495,0.5724528738290768,0,0,0
2015-03-01,168.42,172.84,163.06,165.22,157.37,175.11,197.0,56.69,0.9107249850209609,1.016949152542379,0.8098918083462081,0.8792282329954881,0.9688181701526855,0.6784338526993672,0,0,0
2015-04-01,169.7,174.4,164.5,166.1,158.3,176.2,197.0,57.45,0.7600047500296858,0.9025688498032869,0.8831105114681659,0.5326231691078487,0.5909639702611713,0.6224658785905834,0,0,0
2015-05-01,171.052,175.876,165.834,167.408,159.374,177.47199999999998,197.0,65.08,0.796700058927513,0.8463302752293567,0.8109422492401208,0.7874774232390136,0.6784586228679723,0.7219069239500442,0,0,0
2015-06-01,172.404,177.352,167.168,168.71599999999998,160.448,178.744,196.95,62.06,0.7904029184107708,0.8392276376538055,0.8044188767080351,0.7813246678772812,0.673886581249139,0.7167327803822676,0,0,0
2015-07-01,173.756,178.828,168.50199999999998,170.024,161.522,180.016,197.0,57.01,0.7842045428180233,0.8322432225179366,0.7979996171515902,0.7752673131179222,0.6693757479058426,0.7116322785659879,0,0,0
2015-08-01,175.108,180.304,169.83599999999998,171.332,162.596,181.288,197.0,47.09,0.7781026266718838,0.8253741024895511,0.7916819978397882,0.7693031572013398,0.6649249018709558,0.7066038574349065,0,0,0
2015-09-01,176.46,181.78,171.17,172.64,163.67,182.56,196.95,48.08,0.7720949356968321,0.8186174460910411,0.7854636237311308,0.7634300656036208,0.6605328544367461,0.701645999735212,0,0,0
2015-10-01,177.2,182.61,172.13,173.51,164.13,183.04,197.0,48.86,0.4193584948430029,0.4565958851358909,0.5608459426301282,0.5039388322520821,0.2810533390358749,0.2629272567922891,0,0,0
2015-11-01,178.37,184.06,173.99,174.71,164.63,183.66,197.0,44.82,0.6602708803611801,0.7940419473194238,1.0805786324289857,0.6916027894645849,0.3046365685736907,0.3387237762237705,0,0,0
2015-12-01,180.15,186.2,176.05,177.06,165.79,184.59,197.0,37.8,0.9979256601446496,1.1626643485819876,1.183976090579919,1.3450861427508398,0.7046103383344438,0.5063704671675939,0,0,0
2016-01-01,181.71,187.92,177.87,178.61,167.24,185.73,197.0,30.66,0.8659450457951801,0.9237379162191139,1.0337972166998055,0.8754094657178468,0.8746003980939943,0.6175849179262061,0,0,0
2016-02-01,185.89,190.51,180.35,181.15,169.29,198.15,197.0,31.7,2.300368719388013,1.3782460621541093,1.3942767189520477,1.4220928279491618,1.2257833054293066,6.687126473913763,0,0,0
2016-03-01,189.9,194.9,184.5,185.1,171.4,203.0,197.0,37.76,2.157189735865317,2.3043409794761605,2.3010812309398387,2.1805133866960924,1.2463819481363325,2.447640676255358,0,0,0
2016-04-01,192.99,197.4,187.47,187.29,172.6,209.68,197.0,41.59,1.6271721958925678,1.2827090815803022,1.609756097560977,1.1831442463533293,0.7001166861143382,3.290640394088684,0,0,0
2016-05-01,198.3,202.46,192.54,191.75,176.42,217.42,197.0,47.01,2.751437898336695,2.5633232016210705,2.704432709233484,2.381333760478399,2.21320973348782,3.691339183517739,0,0,0
2016-06-01,201.7,205.39,196.68,195.8,178.73,222.95,283.0,48.46,1.7145738779626774,1.4471994468042926,2.1502025553131965,2.1121251629726334,1.3093753542682274,2.543464262717321,0,0,0
2016-07-01,204.23,207.87,199.29,198.1,179.82,226.86,313.0,45.25,1.2543381259295883,1.2074589804761837,1.3270286760219463,1.1746680286006006,0.6098584457002287,1.7537564476340028,0,0,0
2016-08-01,206.29,210.3,200.83,200.16,180.6,228.77,306.0,46.15,1.0086666993096127,1.1689998556790426,0.7727432384966759,1.0398788490661337,0.4337671004337684,0.8419289429604238,0,0,0
2016-09-01,207.96,212.0,202.11,202.28,181.45,230.62,305.25,47.43,0.8095399680062121,0.8083689966714269,0.637354976846094,1.059152677857722,0.4706533776301258,0.8086724657953459,0,0,0
2016-10-01,209.68,213.82,203.39,204.38,182.46,232.34,305.0,50.94,0.8270821311790799,0.8584905660377284,0.6333184899312228,1.0381649199129983,0.5566271700192971,0.7458156274390726,0,0,0
2016-11-01,211.33,215.7,204.67,206.48,183.45,233.65,305.0,45.25,0.7869133918351867,0.8792442241137399,0.6293328088893269,1.0274977982190014,0.5425846760933828,0.5638288714814532,0,0,0
2016-12-01,213.56,218.58,206.55,208.64,184.5,234.93,305.0,53.48,1.0552216911938528,1.3351877607788776,0.9185518151170191,1.0461061604029487,0.5723630417007408,0.54782794778514,0,0,0
2017-01-01,215.72,221.4,208.5,210.46,185.65,236.24,305.25,55.01,1.0114253605544077,1.2901454844908011,0.9440813362382006,0.8723159509202549,0.6233062330623262,0.5576129059719825,0,0,0
2017-02-01,218.95,225.81,210.56,212.65,187.06,238.65,305.5,46.39,1.4973113295011942,1.9918699186991962,0.9880095923261445,1.0405777820013284,0.75949367088608,1.0201490010159242,0,0,0
2017-03-01,222.71,230.8,213.02,215.92,189.0,241.22,306.35,52.13,1.7172870518383343,2.2098224170763014,1.1683130699088107,1.5377380672466412,1.037100395594992,1.0768908443327119,0,0,0
2017-04-01,226.27,235.5,215.43,219.31,191.0,243.33,305.85,52.94,1.5984913115711041,2.0363951473136854,1.1313491690920996,1.5700259355316826,1.0582010582010692,0.8747201724566889,0,0,0
2017-05-01,230.53,241.47,218.07,223.02,193.13,245.49,305.4,50.57,1.882706501082776,2.5350318471337507,1.2254560646149493,1.6916693265240923,1.1151832460732924,0.8876833929231998,0,0,0
2017-06-01,234.17,246.29,220.76,226.56,195.55,247.32,305.9,47.42,1.5789701991063998,1.9961071768749727,1.233548860457656,1.5873015873015817,1.2530419924403402,0.7454478797507047,0,0,0
2017-07-01,236.745,249.59,222.665,229.29,197.88,248.52,305.65,49.01,1.0996284750395047,1.3398838767306964,0.8629280666787364,1.204978813559321,1.191511122475064,0.48520135856380264,0,0,0
2017-08-01,239.32,252.89,224.57,232.02,200.21,249.72,305.85,51.64,1.0876681661703413,1.3221683561040143,0.8555453259380785,1.1906319508046659,1.177481301799066,0.4828585224529114,0,0,0
2017-09-01,241.19,255.08,226.35,234.28,201.58,250.91,305.75,56.79,0.7813805783051908,0.8659891652497143,0.7926259072894792,0.9740539608654286,0.6842815044203698,0.4765337177639051,0,0,0
2017-10-01,243.03,257.24,228.17,236.35,202.91,252.08,305.8,58.46,0.7628840333347098,0.8467931629292824,0.8040645018776216,0.8835581355642885,0.6597876773489331,0.4663026583237029,0,0,0
2017-11-01,244.93,259.5,229.95,238.34,204.3,253.33,306.0,63.56,0.7817964860305393,0.8785569895817025,0.7801200859008706,0.8419716522107157,0.6850327731506622,0.49587432561091216,0,0,0
2017-12-01,246.38,261.01,232.05,239.84,205.61,254.41,306.0,65.11,0.5920058792308058,0.5818882466281261,0.9132420091324311,0.629353025090218,0.6412139011257922,0.4263213989657677,0,0,0
2018-01-01,248.35,263.29,234.3,241.51,207.03,255.89,305.7,69.68,0.7995778878155724,0.873529749818025,0.9696186166774368,0.696297531687784,0.6906278877486516,0.5817381392240861,0,0,0
2018-02-01,250.32,265.52,236.37,243.36,208.6,257.46,305.9,66.67,0.7932353533320002,0.846974818641022,0.8834827144686308,0.7660138296550878,0.7583442013234798,0.61354488256673,0,0,0
2018-03-01,252.41,267.91,238.4,245.28,210.29,259.25,305.65,74.72,0.8349312879514237,0.9001205182284089,0.8588230316876055,0.7889546351084853,0.810162991371044,0.6952536316320979,0,0,0
2018-04-01,254.52,270.35,240.43,247.26,212.1,260.87,305.7,72.37,0.8359415237114254,0.9107536112873627,0.8515100671141029,0.8072407045009777,0.8607161538827235,0.6248794599807095,0,0,0
2018-05-01,257.29,273.94,242.59,249.3,214.01,262.77,305.95,77.64,1.088323118026091,1.3279082670612175,0.8983903838955198,0.8250424654210331,0.9005186232909024,0.7283321194464509,0,0,0
2018-06-01,260.47,278.25,244.79,251.52,215.98,264.75,305.75,75.38,1.2359594232189464,1.5733372271300228,0.9068799208541201,0.890493381468116,0.9205177328162284,0.7535106747345699,0,0,0
2018-07-01,263.42,282.16,246.99,253.59,218.05,266.62,305.9,74.72,1.1325680500633428,1.405211141060203,0.8987295232648407,0.822996183206115,0.9584220761181594,0.7063267233238912,0,0,0
2018-08-01,266.18,286.17,248.5,255.69,219.51,267.83,306.15,73.35,1.0477564345911405,1.4211794726396443,0.6113607838373891,0.8281083638944642,0.6695711992662057,0.45382942014851047,0,0,0
2018-09-01,268.41,289.03,250.12,257.77,221.02,269.16,306.35,79.59,0.8377789465775054,0.9994059475137096,0.6519114688128713,0.8134850795885606,0.6878957678465802,0.4965836538102675,0,0,0
2018-10-01,270.39,291.39,251.82,259.94,222.6,270.45,306.6,79.18,0.7376774337766623,0.8165242362384584,0.6796737565968325,0.8418357450440395,0.7148674328115057,0.4792688363798314,0,0,0
2018-11-01,272.56,294.02,253.61,262.11,224.21,271.93,306.8,66.59,0.8025444727985498,0.9025704382442656,0.7108251925978859,0.8348080326229246,0.7232704402515777,0.5472360880014904,0,0,0
2018-12-01,274.57,296.4,255.44,264.1,225.79,273.33,307.0,62.0,0.737452304079822,0.8094687436228876,0.7215803793225728,0.7592232268894827,0.7046964898978603,0.5148383775236187,0,0,0
2019-01-01,276.6,298.85,257.25,266.01,227.33,274.69,306.75,60.39,0.7393378737662548,0.826585695006754,0.7085812715314832,0.7232109049602364,0.6820496921918773,0.49756704350054637,0,0,0
2019-02-01,278.62,301.3,259.0,267.89,228.81,276.1,306.85,64.89,0.730296456977575,0.8198092688639802,0.6802721088435382,0.7067403481072043,0.6510359389433784,0.5133059084786673,0,0,0
2019-03-01,280.81,303.94,260.79,269.82,230.54,277.88,306.95,67.67,0.7860167970712872,0.876203119814134,0.6911196911197015,0.7204449587517203,0.7560858354092925,0.6446939514668459,0,0,0
2019-04-01,283.46,307.4,262.64,271.87,232.37,279.79,306.95,73.08,0.9436985862326663,1.1383825755083121,0.7093830284903513,0.7597657697724358,0.7937884965732778,0.6873470562833051,0,0,0
2019-05-01,286.61,311.73,264.59,274.08,234.23,281.79,306.95,73.65,1.111267903760682,1.408588158750823,0.7424611635699074,0.8128885128921848,0.8004475620777107,0.7148218306587184,0,0,0
2019-06-01,289.69,315.97,266.54,276.32,236.08,283.64,306.9,66.74,1.0746310317155672,1.3601514130818337,0.7369893042065145,0.817279626386469,0.7898219698587061,0.6565172646296746,0,0,0
2019-07-01,292.62,319.94,268.5,278.52,237.79,285.5,306.85,66.24,1.0114260071110603,1.2564483969996987,0.7353492909131676,0.79617834394905,0.7243307353439477,0.6557608235791879,0,0,0
2019-08-01,295.51,323.85,270.49,280.68,239.55,287.28,307.0,61.05,0.9876290069031457,1.222104144527103,0.7411545623836169,0.7755277897458113,0.7401488708524306,0.6234676007005113,0,0,0
2019-09-01,298.59,328.07,272.55,282.96,241.41,289.15,307.0,65.27,1.0422659131670509,1.3030724100663749,0.761580834781328,0.8123129542539465,0.776455854727609,0.650932887775002,0,0,0
2019-10-01,301.78,332.44,274.67,285.33,243.34,291.06,307.0,59.1,1.068354599953114,1.3320327978785018,0.7778389286369425,0.8375742154368204,0.7994697816991803,0.6605568044267818,0,0,0
2019-11-01,304.87,336.6,276.87,287.78,245.37,292.87,307.0,63.56,1.0239247133673635,1.251353627722307,0.800961153384061,0.8586548908281699,0.8342237198980751,0.6218649075791838,0,0,0
2019-12-01,307.47,339.88,279.06,290.27,247.43,294.39,307.0,68.56,0.8528225145143953,0.9744503862150866,0.7909849387799373,0.8652442838279262,0.8395484370542494,0.5190016048075785,0,0,0
2020-01-01,310.16,343.23,281.3,292.83,249.56,296.06,307.0,66.68,0.874882102318919,0.985641991291053,0.8026947609833135,0.881937506459507,0.8608495332013133,0.5672747036244541,0,0,0
2020-02-01,312.61,346.2,283.42,295.04,251.56,297.66,306.95,58.45,0.7899148826412183,0.8653089764880662,0.7536437966583653,0.7547040945258487,0.8014104824491053,0.5404309937175,0,0,0
2020-03-01,315.23,349.46,285.54,297.36,253.59,299.43,361.0,32.29,0.8381049870445523,0.941652224147882,0.7480064921318252,0.7863340563991406,0.8069645412625226,0.5946381777867327,0,0,1
2020-04-01,318.45,353.59,288.32,299.95,256.22,301.49,361.0,14.28,1.0214763823240158,1.1818233846506043,0.9735938922742715,0.8709981167608127,1.037107141448801,0.6879738169188077,0,0,1
2020-05-01,322.17,358.6,291.27,302.55,259.19,303.67,361.0,27.9,1.1681582666038803,1.416895274187624,1.0231687014428337,0.8668111351892049,1.1591600967918003,0.7230753922186528,0,0,1
2020-06-01,326.07,363.93,294.28,305.27,262.26,305.93,361.0,40.3,1.2105410187168264,1.4863357501394336,1.0334054313866803,0.8990249545529627,1.184459276978278,0.7442289327230123,0,0,1
2020-07-01,330.14,369.47,297.49,308.06,265.39,308.25,381.0,44.1,1.2481982396417957,1.5222707663561819,1.0907978795704931,0.9139450322665166,1.1934721268969772,0.7583434118916044,0,0,1
2020-08-01,334.57,375.66,300.8,311.0,268.5,310.64,381.0,45.06,1.3418549706185168,1.675372831353017,1.1126424417627456,0.954359540349281,1.171860281095749,0.7753446877534431,0,0,1
2020-09-01,339.52,382.72,304.31,314.14,271.77,313.14,381.0,40.85,1.4795110141375467,1.8793589948357559,1.1668882978723483,1.0096463022507995,1.217877094972053,0.8047901107391287,0,0,1
2020-10-01,344.73,390.21,307.92,317.41,275.16,315.74,381.0,39.74,1.5345193213949226,1.9570443143812621,1.1862902960796617,1.040937161775024,1.2473782978253745,0.8302995465287122,0,0,1
2020-11-01,350.26,398.19,311.68,320.85,278.66,318.42,381.0,42.7,1.6041539755750733,2.0450526639501865,1.2210963886723825,1.083771777826792,1.2719872074429484,0.8487996452777535,0,0,1
2020-12-01,355.91,406.36,315.52,324.4,282.22,321.12,381.0,50.33,1.6130874207731516,2.051784324066408,1.2320328542094305,1.1064360292971642,1.277542524940789,0.847936687394002,0,0,1
2021-01-01,361.23,413.82,319.42,328.06,285.87,323.88,381.0,54.87,1.4947599112135057,1.8358106112806416,1.2360547667342958,1.1282367447595698,1.293317270214711,0.8594917787742906,0,0,1
2021-02-01,366.8,421.63,323.48,331.85,289.7,326.78,381.0,62.48,1.5419538797995624,1.8872939925571597,1.2710537849852876,1.1552764738157695,1.3397698254451251,0.8953933555637894,0,0,1
2021-03-01,372.51,429.66,327.61,335.7,293.58,329.76,381.0,65.62,1.5567066521264827,1.9045134359509497,1.2767404476319966,1.1601627241223378,1.339316534345869,0.9119285145969824,0,0,1
2021-04-01,376.14,433.92,331.18,339.55,296.9,332.06,381.0,64.3,0.9744704840138452,0.9914816366429324,1.0897103263026064,1.1468573130771542,1.130867225287835,0.6974769529354719,0,0,1
2021-05-01,379.94,438.49,334.79,343.48,300.23,334.41,410.75,67.83,1.0102621364385556,1.0531895280236014,1.0900416691829173,1.1574142247091856,1.1215897608622516,0.7077034270914995,0,0,1
2021-06-01,383.96,443.37,338.51,347.59,303.61,336.87,410.12,73.46,1.0580617992314467,1.1129102146000935,1.1111442994115706,1.196576219867218,1.125803550611204,0.7356239346909321,0,0,1
2021-07-01,387.51,447.18,342.28,351.8,307.04,339.68,410.12,75.93,0.924575476612155,0.8593274240476401,1.1137041741750453,1.211197100031658,1.1297388096571215,0.8341496719802999,0,0,1
2021-08-01,391.48,451.93,345.95,355.73,310.15,342.52,410.39,70.72,1.024489690588637,1.062212084619163,1.0722215729811913,1.1171119954519693,1.0128973423658039,0.8360810174281585,0,0,1
2021-09-01,395.98,457.61,349.83,359.7,313.33,345.43,410.8,74.55,1.1494840094002257,1.2568318102361031,1.1215493568434765,1.1160149551626253,1.0253103337094949,0.8495854256685753,0,0,1
2021-10-01,399.87,461.77,354.21,363.99,316.87,348.69,411.25,84.11,0.9823728471134885,0.9090710430279092,1.2520367035417257,1.192660550458724,1.12979925318355,0.9437512665373626,0,0,1
2021-11-01,404.18,466.71,358.53,368.2,320.44,352.09,410.0,82.16,1.077850301347949,1.0697966520128999,1.2196154823409744,1.1566251820104956,1.1266449963707403,0.9750781496458139,0,0,1
2021-12-01,411.52,476.95,363.0,373.35,324.32,356.68,435.0,65.41,1.8160225642040562,2.194081978102025,1.246757593506831,1.398696360673557,1.2108351017351193,1.3036439546706857,0,0,1
2022-01-01,417.58,484.69,367.59,378.59,328.31,360.97,412.0,88.71,1.4725894245723126,1.6228116154733296,1.2644628099173438,1.4035087719298067,1.2302664035520605,1.2027587753728808,0,0,0
2022-02-01,424.39,493.77,372.39,383.98,332.42,365.4,417.0,99.64,1.6308252310934357,1.8733623553198964,1.305802660572919,1.4237037428352695,1.251865614815273,1.2272488018394645,0,0,0
2022-03-01,431.8,503.57,377.95,389.7,336.78,370.39,416.0,121.23,1.746035486227293,1.984729732466528,1.493058352802179,1.489660919839575,1.3115937669213595,1.365626710454304,0,0,0
2022-04-01,439.4,513.63,383.67,395.55,341.31,375.5,415.0,106.51,1.7600741083835025,1.997736163790531,1.5134277020770082,1.501154734411081,1.3450917512916494,1.3796268797753752,0,0,0
2022-05-01,447.23,523.98,389.67,401.6,346.05,380.72,417.0,116.72,1.781975421028692,2.0150692132469006,1.5638439283759409,1.5295158639868633,1.3887668102311679,1.3901464713715228,0,0,0
2022-06-01,455.35,534.71,395.97,407.82,350.98,386.08,414.0,130.1,1.8156205979026563,2.0477880835146456,1.6167526368465746,1.5488047808764893,1.4246496171073542,1.4078587938642473,0,0,0
2022-07-01,463.63,545.64,402.44,414.17,356.01,391.57,426.0,120.54,1.8183814648072838,2.0440986703072594,1.6339621688511663,1.5570594870286003,1.4331300928827728,1.4219850808122603,0,0,0
2022-08-01,471.83,556.42,409.05,420.49,360.99,397.04,430.0,106.34,1.7686517265923296,1.9756616083864698,1.6424808667130586,1.5259434531714078,1.3988371113170972,1.3969405214904196,0,0,0
2022-09-01,478.24,564.4,415.39,423.88,366.4,402.17,435.1,93.25,1.3585401521734486,1.4341684339168381,1.549932771054885,0.8062022878070785,1.4986564724784435,1.2920612532742348,0,0,0
2022-10-01,484.19,571.32,421.5,427.94,372.14,407.41,441.0,96.57,1.2441451990632402,1.2260807937632956,1.4709068586147955,0.9578182504482502,1.5665938864628748,1.3029315960912058,0,0,0
2022-11-01,490.94,579.31,428.56,433.21,377.64,413.1,446.0,93.36,1.3940808360354495,1.3985157179863927,1.6749703440094965,1.2314810487451533,1.4779384102757032,1.396627476006973,0,0,0
2022-12-01,499.815,590.925,436.715,438.985,383.545,419.38,460.0,82.5,1.807756548661743,2.004971431530622,1.9028840769087063,1.3330717204127485,1.5636585107509982,1.5202130234809985,0,0,0
2023-01-01,508.69,602.54,444.87,444.76,389.45,425.66,461.5,84.78,1.7756569930874377,1.9655624656259363,1.8673505604341667,1.3155346993632966,1.5395846641202304,1.4974486146215993,0,0,0
2023-02-01,517.38,614.01,452.19,450.62,395.8,431.56,460.0,86.04,1.7083095795081382,1.9036080592159887,1.6454245060354644,1.3175645291842786,1.630504557709589,1.3860827890804783,0,0,0
2023-03-01,526.98,626.7,462.04,456.91,402.46,437.78,461.0,81.1,1.855502725269642,2.0667415840132985,2.1782878878347622,1.39585460032845,1.6826680141485584,1.4412827880248225,0,0,0
2023-04-01,537.05,640.04,472.36,463.43,409.36,444.16,460.1,86.6,1.9108884587650365,2.1286101803095425,2.2335728508354302,1.4269768663412785,1.7144560950156595,1.4573530083603847,0,0,0
2023-05-01,547.47,654.06,482.68,469.97,417.03,450.44,466.0,76.91,1.9402290289544766,2.190488094494092,2.1847743246676155,1.4112163649310672,1.873656439319893,1.413904899135443,0,0,0
2023-06-01,559.13,669.73,494.3,477.34,425.15,457.7,770.88,76.97,2.129797066505912,2.395804666238588,2.4073920609927857,1.5681852033108346,1.9471021269453104,1.6117573927715068,1,1,0
2023-07-01,575.26,692.86,508.15,481.98,433.76,469.61,758.022,82.27,2.8848389462200252,3.453630567542154,2.8019421404005485,0.9720534629404698,2.0251675879101594,2.602141140485048,1,1,0
2023-08-01,593.55,719.66,519.9,486.79,443.72,483.54,757.52,89.3,3.1794319090498124,3.8680252864936593,2.3123093574731968,0.99796672061081,2.296200663961656,2.966291177785818,1,1,0
2023-09-01,606.0,737.31,528.3,491.98,451.07,492.56,769.26,98.16,2.0975486479656302,2.452547036100383,1.6156953260242357,1.066168162862846,1.6564500135220372,1.8654092732762528,1,1,0
2023-10-01,616.51,751.41,535.46,498.02,458.92,500.81,825.49,94.9,1.7343234323432322,1.9123570818244673,1.3552905546091454,1.2276921826090526,1.7403063826013643,1.6749228520383408,1,1,0
2023-11-01,629.39,769.58,544.35,505.25,467.7,509.62,942.617,85.76,2.089179413148212,2.4181205999388,1.6602547342471796,1.4517489257459548,1.9131874836572749,1.7591501767137308,1,1,0
2023-12-01,643.78,790.53,552.81,512.54,474.83,519.65,899.893,79.12,2.286340742623816,2.722264092102167,1.5541471479746383,1.4428500742206696,1.5244815052384064,1.9681331187943796,1,1,0
2024-01-01,86.73563050706822,85.11460096832012,88.18704204395523,92.07780934715775,91.0899358856088,88.21200076087678,1357.383,82.18,-86.52713186071821,-89.23322315809392,-84.04749515313486,-82.03500032248063,-80.8163056492621,-83.02472803600946,1,1,0
2024-02-01,89.43951980870574,88.34014970998146,89.7404027622194,93.30940423857834,92.91890575956836,90.3952003356797,1544.581,86.08,3.117391648426615,3.7896538372563127,1.7614387355116445,1.3375588539222827,2.007872610928607,2.474946215902185,1,1,0
2024-03-01,92.13972650759764,91.53498427034036,91.28122649936756,94.54215456079136,94.43388796412262,92.87474666043346,1330.76,88.8,3.019030854220972,3.61651476802729,1.716978852023665,1.3211426353779476,1.6304348315017148,2.7430066148933063,1,1,0
2024-04-01,94.24683464570757,93.82791761816424,93.24300757793308,95.65435743721558,95.78270412091624,95.05984756808324,1330.205,93.12,2.2868617240101807,2.504980326485784,2.149161611647621,1.1764094880120979,1.4283179331831208,2.3527395618519353,1,1,0
2024-05-01,96.26267865930753,95.97182142347842,95.46675564830038,97.1155659528786,97.15268489167804,97.04323354757224,1483.482,84.01,2.1388983738052536,2.2849316703785982,2.3848952625307174,1.5275922130595143,1.4303007869065132,2.0864602986749636,1,1,0
2024-06-01,98.48672969159504,98.41840949939584,97.7586476032584,98.45813134110074,98.53393622632971,99.13766383811654,1470.691,83.64,2.3103980309532757,2.5492775271209744,2.400722575512404,1.3824409867245757,1.4217325400648795,2.15824454109681,1,1,0
2024-07-01,100.72791983903396,100.85133911120909,100.1778774307184,100.24049771590128,100.3775984589647,101.0087737548952,1611.71,87.28,2.2756265280175825,2.472026955310813,2.47469649670089,1.8102784914997727,1.8710936589401372,1.8873855246720694,1,1,0
2024-08-01,102.95987446732975,103.24146831845324,102.86536245687982,101.91448966931614,102.09908182893896,102.91173665270728,1596.64,82.88,2.215825197087873,2.3699528715315887,2.6827130850521907,1.669975700000248,1.7150075279774857,1.8839580237155928,1,1,0
2024-09-01,105.5539153272301,105.96532290285808,105.8013497578366,103.73336893952686,103.98313061557003,105.2941161230788,1601.53,76.05,2.519467776471962,2.6383338291964042,2.8542040107888855,1.7847111594361698,1.8453141329788592,2.314973537383058,1,1,0
2024-10-01,108.34013341317316,109.07808142892328,108.9667742538674,105.59480673273308,105.8885309065242,107.24432154535468,1670.47,76.69,2.6396160457955897,2.9375256364940983,2.991856439710805,1.7944445574609391,1.8324128920473637,1.85215042785134,1,1,0
2024-11-01,111.19825429136463,112.3320095363786,111.871385338482,107.67681046531376,107.84915900621452,109.27524727118416,1663.896,75.44,2.6380998325814753,2.9831182074609774,2.665593346690742,1.9716914088875326,1.8515962804518615,1.8937373061477913,1,1,0
2024-12-01,113.90878284188666,115.32389521249738,114.64016862718178,109.6826035994866,109.89044433556386,111.543111942018,1535.82,74.72,2.4375639418041883,2.663431098995739,2.4749700563039045,1.8627902567925458,1.8927225285379379,2.075369058837051,1,1,0
2025-01-01,110.68,110.33,112.7659,112.734,109.417,107.6146,1478.22,80.76,-2.834533704366271,-4.330321312244578,-1.6349144018420247,2.7820240406179364,-0.4308330341427413,-3.521967312567098,1,1,0
2025-02-01,112.93922999999997,112.176425,115.223062,106.90465,111.095596,110.520791,1492.491,77.08,2.041226960607112,1.6735475392005705,2.178993827034592,-5.170888995334144,1.534127237997751,2.7005545715915957,1,1,0
2025-03-01,117.33999999999996,114.62,117.56,115.52,122.42,124.05,1536.82,74.44,3.896582259326542,2.1783320336692835,2.0281859893638288,8.058910440284862,10.19338696378207,12.241324801955123,1,1,0
2025-04-01,119.51999999999998,116.98,119.349269,118.364496,126.245677,129.433011,1596.6891,69.07,1.8578489858531055,2.0589774908392977,1.5220049336509112,2.462340720221623,3.1250424767194973,4.339388149939527,1,1,0
2025-05-01,121.34999999999998,119.536856,119.030955,118.906376,127.422685,130.690768,1586.1524,65.9,1.5311244979919758,2.18572063600615,-0.2667079594764865,0.4578061989128912,0.9323154883156937,0.9717435994747836,1,1,0
2025-06-01,123.390735,123.42437,121.462103,119.188995,127.556961,131.639476,1529.7105,73.5,1.6816934487021262,3.2521467688592987,2.042450218096614,0.23768195575988305,0.10537841044551133,0.7259181459550401,1,1,0
2025-07-01,125.84999999999997,127.27,121.91,120.14,129.85,130.13,1533.55,73.18,1.9930710356818704,3.115778512784795,0.36875452419919963,0.7978966514484043,1.797658851405215,-1.1466742696545018,1,1,0
2025-08-01,126.78648999999996,129.366544,125.078488,122.665633,135.314227,125.049337,1530.5703,70.55,0.7441319030591975,1.6473198711401071,2.599038635058637,2.1022415515232318,4.208107046592224,-3.9042980096826274,1,1,0
2025-09-01,127.7,127.32999999999998,126.209985,123.365576,137.800751,126.86939700000002,1475.3473,70.2,0.7205105212708673,-1.5742431829979364,0.9046295794685522,0.5706105148456819,1.8375924358641216,1.45547353041946,1,1,0
2025-10-01,128.88999999999996,126.86,129.89,123.83,138.58,130.5,1421.7343,66.15,0.9318715740015415,-0.3691196104609995,2.9157875266366373,0.37646158276762876,0.5654896612283578,2.8616853913162155,1,1,0
2025-11-01,130.466156,128.29,133.71,123.96,142.34,131.2,1446.7421,65.22,1.2228691131973335,1.1272268642598116,2.940950034644718,0.10498263748688341,2.7132342329340364,0.5363984674329414,1,1,0
2025-12-01,131.16659199999998,127.83,133.87,124.12,142.36,131.21,1435.7571,65.22,0.5368717999171935,-0.35856263153791756,0.11966195497719045,0.1290738948047876,0.014050864128156704,0.0076219512195274675,1,1,0
