,All Items,All Items Less Farm Produce,All Items Less Farm Produce And Energy,Imported Food,Food,Food And  Non Alcoholic Bev,Alcoholic Beverage Tobacco And Kola,Clothing And Footwear,Housing Water Electricity Gas And Other  Fuel,Furnishings And Household Equipment Maintenance,Health,Transport,Communication,Recreation And Culture,Education,Restaurant And Hotels,Miscellaneous Goods And Services,Food And Non-Alcoholic Beverages,exchange_rate,crude_oil_price,domestic_production,crude_oil_export
2000-01-01,29.38,31.17,37.06,100.0,29.13,28.78,31.88,54.54,24.09,45.74,57.48,34.64,40.32,38.38,30.97,30.51,26.03,85.12239870377188,98.9,63.85,2.59,2.14
2000-02-01,29.74,31.31,37.25,100.0,29.59,29.26,31.93,54.55,24.05,45.22,58.22,35.45,40.32,39.4,30.97,30.51,26.54,85.12239870377188,100.2,63.85,2.59,2.14
2000-03-01,30.06,31.86,37.71,100.0,29.78,29.47,32.46,54.26,24.69,46.92,57.95,35.23,40.32,40.14,30.97,30.51,26.8,85.12239870377188,100.12,63.85,2.59,2.14
2000-04-01,30.66,32.46,37.88,100.0,30.33,29.98,33.26,55.06,25.79,47.19,57.92,35.33,40.32,39.49,30.97,30.51,27.01,85.12239870377188,99.87,63.85,2.59,2.14
2000-05-01,31.62,33.77,38.31,100.0,31.04,30.65,34.59,55.23,27.94,46.88,60.82,36.03,40.32,39.68,30.97,30.51,28.07,85.12239870377188,100.7,63.85,2.59,2.14
2000-06-01,32.99,36.29,38.7,100.0,31.58,31.14,36.79,54.88,32.51,48.71,59.39,36.9,40.32,40.27,30.97,30.51,27.78,85.12239870377188,101.7,63.85,2.59,2.14
2000-07-01,32.83,35.99,38.91,100.0,31.57,31.12,37.56,55.57,31.65,48.83,59.58,37.05,40.32,39.85,30.97,30.51,28.35,85.12239870377188,103.5,63.85,2.59,2.14
2000-08-01,33.59,37.53,39.4,100.0,31.8,31.37,37.39,55.94,34.23,47.94,60.92,38.17,40.32,41.96,30.97,30.51,28.53,85.12239870377188,102.05,63.85,2.59,2.14
2000-09-01,34.06,39.36,39.57,100.0,31.41,30.99,40.53,56.18,37.66,47.63,59.67,38.17,40.32,40.91,30.97,30.51,28.86,85.12239870377188,101.75,63.85,2.59,2.14
2000-10-01,34.26,39.93,39.88,100.0,31.44,31.04,38.64,56.49,38.46,48.54,58.73,38.02,40.32,41.43,30.97,30.51,28.68,85.12239870377188,102.0,63.85,2.59,2.14
2000-11-01,33.79,38.72,39.98,100.0,31.42,31.03,40.01,55.99,36.13,47.73,60.49,39.1,40.32,41.94,30.97,30.51,28.75,85.12239870377188,102.1,63.85,2.59,2.14
2000-12-01,33.93,38.4,40.75,100.0,31.78,31.55,42.2,57.1,34.75,48.25,60.55,39.15,40.32,42.21,30.97,30.51,29.49,85.12239870377188,109.55,63.85,2.59,2.14
2001-01-01,34.56,38.61,41.18,100.0,32.69,32.44,42.31,56.94,34.65,48.32,61.86,40.45,40.32,42.37,30.97,30.51,29.5,85.12239870377188,110.3,63.85,2.59,2.14
2001-02-01,35.27,38.91,41.21,100.0,33.69,33.32,42.76,55.17,35.33,47.23,60.74,41.49,40.32,43.75,30.97,30.51,29.44,85.12239870377188,113.7,63.85,2.59,2.14
2001-03-01,35.53,38.04,41.87,100.0,34.63,34.4,43.39,56.35,32.82,49.55,58.44,40.95,40.32,43.64,30.97,30.51,28.98,85.12239870377188,110.2,63.85,2.59,2.14
2001-04-01,37.78,37.72,42.34,100.0,38.43,38.11,43.24,56.98,31.7,50.33,57.29,39.14,40.32,42.93,30.97,30.51,29.82,85.12239870377188,113.7,63.85,2.59,2.14
2001-05-01,38.88,37.59,43.0,100.0,40.41,40.09,46.97,54.69,30.88,49.85,57.83,37.56,40.32,43.97,30.97,30.51,30.04,85.12239870377188,112.6,63.85,2.59,2.14
2001-06-01,38.29,34.93,42.74,100.0,41.2,40.91,48.11,52.58,25.38,50.52,56.12,35.69,40.32,46.27,30.97,30.51,35.9,85.12239870377188,111.5,63.85,2.59,2.14
2001-07-01,39.07,36.41,43.63,100.0,41.97,41.65,51.36,54.08,27.64,48.34,56.45,37.81,40.32,44.64,30.97,30.51,30.05,85.12239870377188,111.2,63.85,2.59,2.14
2001-08-01,39.87,37.57,43.87,100.0,42.57,42.18,50.34,58.1,29.57,49.48,56.64,36.69,40.32,48.62,30.97,30.51,30.43,85.12239870377188,111.11,63.85,2.59,2.14
2001-09-01,40.57,37.22,43.05,100.0,43.83,43.3,55.13,52.99,29.48,48.14,54.16,37.52,40.32,50.21,30.97,30.51,33.86,85.12239870377188,110.11,63.85,2.59,2.14
2001-10-01,40.89,38.8,43.49,100.0,43.09,42.72,51.93,52.75,31.91,48.82,54.03,40.25,40.32,47.58,30.97,30.51,35.3,85.12239870377188,110.11,63.85,2.59,2.14
2001-11-01,39.68,38.32,44.35,100.0,41.31,41.17,53.55,52.83,30.5,47.29,54.18,42.87,41.67,49.29,28.77,30.61,35.83,85.12239870377188,112.1,63.85,2.59,2.14
2001-12-01,39.53,38.45,45.03,100.0,40.97,40.8,55.82,60.98,29.72,50.49,50.07,44.33,42.54,48.47,36.14,32.22,34.25,85.12239870377188,112.95,63.85,2.59,2.14
2002-01-01,40.97,40.5,44.16,100.0,42.26,41.9,56.35,53.74,34.93,49.02,55.72,41.54,43.91,50.18,50.0,29.59,33.12,85.12239870377188,113.7,63.85,2.59,2.14
2002-02-01,41.61,40.64,44.79,100.0,43.05,42.83,56.13,53.1,34.32,50.48,56.23,40.97,39.76,47.79,53.42,34.18,36.53,85.12239870377188,115.2,63.85,2.59,2.14
2002-03-01,41.7,40.72,45.44,100.0,43.3,43.35,53.14,56.28,33.95,47.21,58.11,38.27,41.18,46.73,35.42,32.81,35.29,85.12239870377188,115.6,63.85,2.59,2.14
2002-04-01,42.6,41.17,44.47,100.0,44.13,44.1,54.17,54.12,35.89,47.98,51.99,37.91,46.06,45.43,34.7,32.81,35.05,85.12239870377188,115.8,63.85,2.59,2.14
2002-05-01,42.84,40.92,44.83,100.0,44.89,44.87,57.92,55.05,34.75,48.33,56.63,38.24,41.27,48.57,32.06,35.99,34.32,85.12239870377188,116.3,63.85,2.59,2.14
2002-06-01,42.97,41.8,45.38,100.0,45.45,45.44,58.02,50.92,36.74,48.03,52.84,39.38,41.03,43.1,28.15,33.69,35.65,85.12239870377188,119.6,63.85,2.59,2.14
2002-07-01,45.15,41.28,45.36,100.0,48.31,48.09,55.12,51.82,34.98,49.75,57.66,42.12,41.45,44.45,28.36,39.26,34.8,85.12239870377188,125.5,63.85,2.59,2.14
2002-08-01,44.77,42.53,46.97,100.0,47.03,47.14,54.33,55.66,35.68,51.01,55.97,43.05,39.84,47.32,37.89,33.92,34.53,85.12239870377188,125.5,63.85,2.59,2.14
2002-09-01,44.61,43.23,48.31,100.0,46.33,46.32,57.86,59.11,35.42,50.96,63.39,41.83,43.2,59.1,48.09,28.85,40.69,85.12239870377188,125.75,63.85,2.59,2.14
2002-10-01,43.08,43.78,47.06,100.0,43.39,43.51,56.7,56.68,37.65,50.8,52.29,40.77,41.13,61.42,31.0,28.23,37.54,85.12239870377188,126.25,63.85,2.59,2.14
2002-11-01,44.51,45.87,48.92,100.0,44.31,44.29,53.96,57.7,39.94,54.92,68.5,44.33,46.88,56.33,33.92,33.13,48.16,85.12239870377188,126.41,63.85,2.59,2.14
2002-12-01,44.34,46.53,51.79,100.0,44.71,44.74,49.09,61.07,37.98,56.62,70.53,46.33,43.54,56.53,56.88,34.79,47.97,85.12239870377188,126.4,63.85,2.59,2.14
2003-01-01,45.31,47.0,50.14,100.0,45.45,45.53,56.31,61.07,40.57,55.78,69.89,40.49,42.56,54.77,54.74,35.7,52.0,85.12239870377188,126.77,63.85,2.59,2.14
2003-02-01,44.64,46.41,50.2,100.0,44.54,45.01,55.16,58.42,39.58,52.18,60.61,42.68,40.64,56.48,49.45,34.18,48.21,85.12239870377188,126.52,63.85,2.59,2.14
2003-03-01,44.15,46.99,51.73,100.0,43.34,43.65,59.76,60.76,38.8,53.13,67.08,43.22,37.73,56.72,37.35,37.75,70.21,85.12239870377188,126.87,63.85,2.59,2.14
2003-04-01,46.12,48.14,52.3,100.0,45.6,45.72,58.03,61.67,41.15,54.18,65.26,49.12,41.03,60.28,37.03,36.87,54.37,85.12239870377188,127.1,63.85,2.59,2.14
2003-05-01,46.56,48.12,51.76,100.0,46.37,46.44,60.05,60.57,41.25,52.95,59.2,52.15,42.04,61.12,41.23,36.05,52.56,85.12239870377188,127.32,63.85,2.59,2.14
2003-06-01,48.98,51.09,53.4,100.0,48.28,48.34,60.39,62.48,45.46,55.0,63.72,52.47,41.52,64.29,44.02,38.5,55.72,85.12239870377188,127.42,63.85,2.59,2.14
2003-07-01,50.99,58.3,55.33,100.0,48.37,48.45,62.49,63.03,53.08,56.98,74.85,53.22,43.21,64.28,42.69,43.23,53.36,85.12239870377188,127.23,63.85,2.59,2.14
2003-08-01,50.34,55.66,56.38,100.0,47.46,47.51,63.19,65.62,51.02,56.19,64.61,53.47,42.59,63.44,54.75,40.57,55.01,85.12239870377188,127.8,63.85,2.59,2.14
2003-09-01,52.81,58.9,59.15,100.0,49.22,49.26,63.22,72.76,57.01,57.42,74.17,56.68,42.41,67.86,59.61,43.13,60.14,85.12239870377188,127.86,63.85,2.59,2.14
2003-10-01,53.25,61.61,60.15,100.0,49.12,49.3,64.78,78.01,57.23,58.99,72.19,60.35,44.07,89.16,48.64,40.64,56.35,85.12239870377188,132.02,63.85,2.59,2.14
2003-11-01,53.98,62.24,62.54,100.0,49.79,49.93,64.44,78.07,56.9,61.1,76.29,62.69,44.95,90.34,57.05,39.98,67.68,85.12239870377188,137.7,63.85,2.59,2.14
2003-12-01,54.89,62.72,64.77,100.0,51.61,51.78,63.72,80.85,56.54,59.88,79.87,60.16,43.84,90.8,60.62,40.62,74.82,85.12239870377188,136.5,63.85,2.59,2.14
2004-01-01,55.46,64.86,63.36,100.0,50.86,51.01,64.8,82.48,57.5,58.16,74.88,65.26,43.92,91.32,64.73,42.94,72.59,85.12239870377188,134.8,63.85,2.59,2.14
2004-02-01,55.73,65.47,63.46,100.0,51.02,51.2,65.65,83.91,58.56,57.89,89.55,62.97,43.96,88.8,58.48,42.74,76.92,85.12239870377188,134.5,63.85,2.59,2.14
2004-03-01,54.06,62.33,65.96,100.0,50.1,50.28,65.59,82.18,56.16,59.93,89.09,67.23,44.02,90.48,59.66,42.62,73.58,85.12239870377188,133.35,63.85,2.59,2.14
2004-04-01,54.21,58.97,60.35,100.0,52.16,52.35,65.24,65.34,54.51,57.06,73.41,64.9,44.01,69.3,54.03,41.15,64.35,85.12239870377188,132.8,63.85,2.59,2.14
2004-05-01,55.77,59.4,60.83,100.0,54.74,54.88,66.97,65.63,52.57,57.74,70.54,61.21,49.44,69.92,55.0,40.39,64.26,85.12239870377188,131.75,63.85,2.59,2.14
2004-06-01,55.88,58.6,61.17,100.0,55.3,55.35,66.4,66.07,54.35,58.24,66.06,61.68,52.53,70.06,53.04,42.55,62.1,85.12239870377188,132.25,63.85,2.59,2.14
2004-07-01,56.43,61.7,61.26,100.0,54.29,54.4,65.51,67.92,57.11,61.79,69.34,61.02,75.79,68.0,50.18,42.22,66.27,85.12239870377188,132.32,63.85,2.59,2.14
2004-08-01,56.89,60.7,62.77,100.0,55.21,55.32,72.99,69.44,56.98,60.95,69.6,62.81,90.01,70.56,52.51,41.12,64.59,85.12239870377188,132.33,63.85,2.59,2.14
2004-09-01,57.63,61.0,63.05,100.0,56.39,56.49,68.3,68.84,58.95,60.08,67.5,60.21,97.97,70.26,55.17,42.92,66.03,85.12239870377188,132.37,63.85,2.59,2.14
2004-10-01,58.96,63.69,63.97,100.0,56.67,56.79,71.98,69.55,62.61,61.82,69.3,60.33,101.27,70.91,55.12,42.74,68.43,85.12239870377188,132.4,63.85,2.59,2.14
2004-11-01,59.4,64.25,65.43,100.0,57.29,57.4,69.37,71.6,64.41,61.12,69.35,61.26,101.32,70.09,58.81,43.54,67.18,85.12239870377188,132.37,63.85,2.59,2.14
2004-12-01,60.39,66.41,63.61,100.0,57.86,57.95,68.62,67.48,64.52,60.79,65.89,60.21,101.4,72.54,52.28,44.74,69.8,85.12239870377188,132.35,63.85,2.59,2.14
2005-01-01,60.92,66.13,64.14,100.0,58.53,58.62,70.75,70.17,65.59,61.22,70.27,60.99,97.53,72.9,57.8,46.35,68.41,85.12239870377188,132.36,63.85,2.59,2.14
2005-02-01,61.83,65.19,65.45,100.0,60.56,60.65,69.63,71.13,61.68,63.1,69.6,61.56,102.67,70.67,56.8,46.81,69.69,85.12239870377188,132.35,63.85,2.59,2.14
2005-03-01,62.86,64.6,66.39,100.0,62.63,62.66,71.17,71.29,63.16,63.86,70.11,59.35,99.82,71.58,55.52,47.66,68.37,85.12239870377188,132.35,63.85,2.59,2.14
2005-04-01,63.94,67.12,68.94,100.0,62.74,62.8,71.34,72.09,65.91,64.09,73.02,64.23,100.61,72.9,58.69,49.38,71.15,85.12239870377188,132.33,63.85,2.59,2.14
2005-05-01,65.15,69.24,70.1,100.0,63.36,63.4,73.59,72.77,67.63,67.24,75.04,64.75,100.61,74.53,60.95,48.9,69.29,85.12239870377188,132.33,63.85,2.59,2.14
2005-06-01,66.26,68.11,72.05,100.0,65.28,65.32,71.96,74.42,65.06,66.84,73.29,67.39,102.51,75.06,61.59,50.44,73.13,85.12239870377188,132.37,63.85,2.59,2.14
2005-07-01,71.18,68.33,71.62,100.0,73.65,73.56,73.74,74.61,65.92,69.32,75.27,69.02,102.46,71.15,58.73,47.98,70.94,85.12239870377188,132.36,63.85,2.59,2.14
2005-08-01,72.94,68.07,71.0,100.0,76.47,76.33,73.94,73.76,64.43,70.71,75.23,66.93,100.1,72.48,60.52,49.49,72.65,85.12239870377188,129.07,63.85,2.59,2.14
2005-09-01,71.64,69.91,72.32,100.0,73.0,72.98,75.95,70.62,66.08,67.37,76.56,65.56,93.67,75.09,62.22,48.47,75.05,85.12239870377188,129.0,63.85,2.59,2.14
2005-10-01,69.93,69.71,72.52,100.0,70.59,70.58,75.71,72.89,66.88,68.7,75.68,69.72,90.2,73.62,60.41,50.56,71.48,85.12239870377188,129.53,63.85,2.59,2.14
2005-11-01,68.39,68.63,70.44,100.0,68.58,68.57,75.9,73.15,64.73,67.49,79.05,67.61,94.88,71.88,58.43,50.13,76.45,85.12239870377188,129.01,63.85,2.59,2.14
2005-12-01,67.37,67.99,69.42,100.0,66.84,66.8,77.38,68.42,65.23,68.7,81.96,67.72,93.33,73.07,62.71,43.96,75.71,85.12239870377188,129.0,63.85,2.59,2.14
2006-01-01,67.44,68.95,71.63,100.0,67.14,67.17,79.66,69.89,64.94,68.13,81.31,73.62,81.83,75.34,64.16,43.98,76.79,85.12239870377188,130.29,63.85,2.59,2.14
2006-02-01,68.53,72.43,73.24,100.0,66.92,66.98,78.05,73.71,73.5,69.21,87.3,68.48,94.33,69.8,59.1,45.0,72.89,85.12239870377188,129.28,61.33,2.47,2.02
2006-03-01,70.43,75.14,74.28,100.0,68.43,68.51,77.89,72.29,76.87,68.7,87.65,70.08,94.55,70.54,59.01,47.24,66.96,85.12239870377188,128.52,65.0,2.25,1.8
2006-04-01,71.97,78.27,76.84,100.0,68.79,68.78,78.42,75.14,78.92,69.39,84.06,71.38,93.86,71.9,55.96,46.24,69.71,85.12239870377188,128.45,72.09,2.32,1.87
2006-05-01,72.02,79.29,79.54,100.0,68.82,68.9,79.68,73.24,77.46,69.25,76.49,73.38,91.31,71.5,58.11,45.67,70.66,85.12239870377188,128.46,71.18,2.28,1.83
2006-06-01,71.88,77.39,82.13,100.0,69.35,69.36,79.79,75.42,79.52,70.63,76.99,73.07,92.47,73.77,58.59,46.55,75.79,85.12239870377188,128.44,69.32,2.41,1.96
2006-07-01,73.31,77.62,82.51,100.0,70.93,70.93,83.77,80.15,77.7,69.45,72.46,72.25,94.16,80.23,58.2,52.57,73.01,85.12239870377188,128.36,75.13,2.39,1.94
2006-08-01,75.67,77.93,79.44,100.0,74.73,74.75,86.21,80.09,77.88,70.44,83.72,73.4,94.08,81.86,63.66,55.05,78.87,85.12239870377188,128.29,75.15,2.4,1.95
2006-09-01,76.12,77.31,80.28,100.0,76.11,76.03,88.24,81.43,77.75,71.6,85.35,77.4,94.65,84.47,68.0,55.73,76.33,85.12239870377188,128.27,62.97,2.4,1.95
2006-10-01,74.22,75.99,81.99,100.0,73.91,73.88,86.67,86.31,76.19,70.2,89.66,77.62,93.76,97.2,70.71,62.51,76.0,85.12239870377188,128.31,59.49,2.38,1.93
2006-11-01,73.69,76.95,83.31,100.0,72.28,72.34,90.02,84.09,76.4,72.62,89.18,78.8,95.3,90.58,67.43,60.49,79.34,85.12239870377188,128.27,59.81,2.34,1.89
2006-12-01,73.13,79.74,85.11,100.0,69.43,69.44,91.26,88.46,77.13,75.75,90.09,83.87,94.06,86.68,63.84,66.21,80.45,85.12239870377188,128.27,64.7,2.36,1.91
2007-01-01,72.82,82.29,81.05,100.0,67.05,67.2,93.5,84.74,79.25,75.25,88.02,87.82,95.05,87.35,68.56,63.6,83.51,85.12239870377188,128.28,55.57,2.32,1.87
2007-02-01,73.38,80.41,79.81,100.0,69.14,69.29,94.4,85.77,77.31,72.92,86.84,89.64,96.19,85.94,68.56,66.88,72.48,85.12239870377188,128.28,59.97,2.31,1.86
2007-03-01,74.12,81.81,81.88,100.0,69.6,69.75,98.19,85.41,81.27,77.31,84.18,84.17,93.33,82.89,69.76,64.14,87.09,85.12239870377188,128.06,64.28,2.14,1.69
2007-04-01,75.01,82.48,81.83,100.0,70.21,70.45,95.12,87.23,82.05,76.84,81.63,84.43,94.46,83.07,71.32,65.54,89.14,85.12239870377188,127.87,70.46,2.16,1.71
2007-05-01,75.36,82.97,81.7,100.0,70.45,70.65,94.67,83.75,84.13,78.76,79.13,90.11,95.01,84.81,69.29,67.52,87.26,85.12239870377188,127.49,70.4,1.96,1.51
2007-06-01,76.51,84.85,81.88,100.0,71.57,71.76,94.33,81.97,85.38,75.33,80.47,93.14,94.01,88.34,69.21,74.05,79.95,85.12239870377188,127.3105,73.28,2.08,1.63
2007-07-01,76.86,85.33,82.16,100.0,71.73,71.97,93.6,84.02,87.39,76.56,79.86,88.7,94.16,88.28,73.26,75.78,81.04,85.12239870377188,127.1186,79.76,2.17,1.72
2007-08-01,78.86,86.68,83.9,100.0,73.85,74.05,96.87,84.13,88.87,77.66,88.56,89.17,94.37,89.0,72.0,73.3,82.29,85.12239870377188,126.1995,73.76,2.2,1.75
2007-09-01,79.25,85.41,83.22,100.0,75.51,75.7,97.38,84.76,87.55,77.12,84.75,91.34,90.12,87.56,67.18,72.44,85.28,85.12239870377188,125.644,79.76,2.31,1.86
2007-10-01,77.6,84.11,81.23,100.0,73.85,74.08,95.11,86.86,85.65,77.9,89.57,87.47,81.28,88.32,75.79,76.17,82.02,85.12239870377188,123.0988,83.86,2.32,1.87
2007-11-01,77.5,82.61,79.7,100.0,74.58,74.84,94.83,86.41,83.3,79.87,84.93,89.38,94.47,88.4,76.76,77.42,78.76,85.12239870377188,118.8568,95.05,2.25,1.8
2007-12-01,77.93,82.63,79.56,100.0,75.14,75.39,94.36,86.49,83.64,77.8,84.25,89.75,94.61,86.36,74.19,79.46,80.75,85.12239870377188,117.968,93.4,2.2,1.75
2008-01-01,79.06,84.38,82.21,100.0,75.53,75.77,96.71,86.3,84.61,78.22,83.86,86.53,83.13,88.79,75.28,76.9,82.1,85.12239870377188,117.98,94.26,2.17,1.72
2008-02-01,79.27,85.54,84.92,100.0,75.15,75.4,95.74,86.56,85.23,78.48,83.37,88.36,82.89,87.05,75.46,78.42,81.84,85.12239870377188,117.95,98.15,2.08,1.63
2008-03-01,79.89,82.24,80.77,100.0,78.24,78.45,98.12,85.11,83.25,80.47,86.08,84.38,81.89,88.23,74.83,79.65,79.37,85.12239870377188,117.9,103.73,2.06,1.61
2008-04-01,81.13,83.47,83.01,100.0,79.43,79.66,97.72,89.38,84.35,81.58,89.45,88.6,93.94,87.9,73.66,82.76,80.5,85.12239870377188,117.87,116.73,1.96,1.51
2008-05-01,82.67,85.72,84.75,100.0,80.78,80.97,99.72,90.73,85.57,83.71,90.54,87.93,97.55,89.04,74.88,91.93,86.37,85.12239870377188,117.83,126.57,2.05,1.6
2008-06-01,85.72,87.87,88.39,100.0,84.5,84.62,99.38,92.77,88.39,86.34,91.62,88.27,96.47,88.73,78.4,94.34,86.39,85.12239870377188,117.8,138.74,2.02,1.57
2008-07-01,87.58,89.39,87.6,100.0,86.71,86.79,100.23,94.17,90.8,87.79,93.48,89.66,97.28,90.9,80.87,94.3,90.76,85.12239870377188,117.76,137.74,2.13,1.68
2008-08-01,88.6,90.03,89.44,100.0,87.72,87.79,100.31,95.66,92.52,87.44,92.42,88.62,97.29,92.43,83.7,97.79,88.01,85.12239870377188,117.73,115.84,2.11,1.66
2008-09-01,89.58,91.31,90.15,100.0,88.45,88.53,99.21,95.51,94.1,87.36,92.32,88.29,97.73,92.52,83.09,97.06,88.91,85.12239870377188,117.73,103.82,2.17,1.72
2008-10-01,89.04,90.77,90.5,100.0,88.02,88.07,97.8,95.97,93.29,88.02,93.25,88.78,97.29,92.95,84.66,97.64,90.47,85.12239870377188,117.74,75.31,2.26,1.81
2008-11-01,88.99,90.33,90.1,100.0,88.12,88.15,97.64,95.88,92.01,87.15,94.18,89.17,97.12,93.9,84.93,97.95,91.08,85.12239870377188,117.79,55.51,2.14,1.69
2008-12-01,89.66,91.24,91.72,100.0,88.64,88.68,97.5,96.94,93.46,87.07,96.05,90.86,97.1,93.53,87.59,99.53,92.9,85.12239870377188,132.56,45.87,2.04,1.59
2009-01-01,90.2,91.1,92.6,100.0,89.5,89.5,97.6,97.0,92.3,87.3,97.1,91.2,97.1,93.7,88.3,99.4,93.9,85.12239870377188,145.96,44.95,2.03,1.58
2009-02-01,90.8,91.7,92.6,100.0,90.2,90.2,98.5,97.0,92.6,87.4,98.6,90.2,97.1,92.8,88.1,100.4,94.1,85.12239870377188,147.31,46.52,2.06,1.61
2009-03-01,91.4,92.0,93.1,100.0,90.9,91.0,98.5,97.1,92.6,87.9,99.0,91.0,97.1,92.7,89.9,100.2,94.9,85.12239870377188,147.16,49.7,2.07,1.62
2009-04-01,91.9,92.5,94.1,100.0,91.6,91.7,99.1,97.5,92.9,89.6,101.1,94.4,97.1,93.4,89.3,101.3,95.4,85.12239870377188,147.36,51.16,1.86,1.41
2009-05-01,93.6,94.2,95.4,100.0,93.5,93.5,99.5,96.7,94.3,88.8,99.2,96.0,97.1,94.6,92.3,100.2,94.5,85.12239870377188,148.17,60.02,2.22,1.77
2009-06-01,95.3,95.3,96.6,100.0,95.6,95.6,99.7,97.1,96.3,89.6,100.1,94.0,97.1,95.0,92.6,101.1,97.8,85.12239870377188,148.22,72.24,2.17,1.72
2009-07-01,97.3,96.8,98.4,100.0,97.9,97.8,101.4,97.9,98.3,99.3,101.7,92.5,99.4,96.8,93.9,98.9,98.8,85.12239870377188,151.25,66.52,2.14,1.69
2009-08-01,98.4,97.3,97.7,100.0,98.9,98.9,100.2,99.1,98.4,100.2,101.8,93.1,101.5,98.1,99.4,101.2,100.0,85.12239870377188,152.42,74.0,2.12,1.67
2009-09-01,98.9,98.1,98.5,100.0,99.5,99.5,99.3,99.1,98.7,98.7,101.6,94.9,101.2,97.6,99.6,99.9,100.1,85.12239870377188,148.79,70.22,2.18,1.73
2009-10-01,99.4,98.9,99.1,100.0,99.9,99.9,99.7,99.6,99.5,99.1,102.3,96.0,100.4,97.5,97.7,99.0,99.7,85.12239870377188,150.63,78.25,2.28,1.83
2009-11-01,100.0,100.0,100.0,100.0,100.0,100.0,100.0,100.0,100.0,100.0,100.0,100.0,100.0,100.0,100.0,100.0,100.0,85.12239870377188,149.79,78.11,2.15,1.7
2009-12-01,102.2,101.5,101.9,101.5,102.4,102.7,101.9,101.5,100.2,101.7,101.8,101.8,100.0,101.9,101.5,102.6,101.7,85.12239870377188,149.58,75.11,2.05,1.6
2010-01-01,103.1,102.1,102.6,101.7,103.7,103.9,102.3,102.4,100.6,103.0,103.0,103.0,99.6,103.0,103.1,106.7,103.3,85.12239870377188,150.32,77.62,2.33,1.88
2010-02-01,105.0,104.5,105.0,103.2,104.8,105.4,102.6,103.4,102.3,104.7,104.9,104.7,100.3,99.4,106.0,106.3,105.9,85.12239870377188,150.1,75.06,2.39,1.94
2010-03-01,104.9,104.1,104.6,103.0,105.3,105.3,104.3,104.5,102.2,105.7,105.3,104.8,100.6,103.3,105.5,105.6,104.4,85.12239870377188,149.78,80.27,2.44,1.99
2010-04-01,105.7,104.4,105.1,103.9,106.6,106.7,104.8,105.1,102.2,103.8,104.9,106.8,100.4,103.1,105.6,109.7,106.2,85.12239870377188,150.1,85.29,2.41,1.96
2010-05-01,105.7,105.2,106.5,104.9,105.7,106.2,103.8,105.9,102.1,102.6,104.8,106.3,100.2,103.3,108.6,110.1,107.2,85.12239870377188,150.27,77.54,2.41,1.96
2010-06-01,108.8,107.4,108.6,109.6,110.0,110.2,108.5,109.1,104.8,110.7,108.5,107.4,102.1,102.6,106.6,106.9,109.6,85.12239870377188,149.99,75.79,2.21,1.76
2010-07-01,109.9,107.7,108.8,109.3,111.6,112.0,109.6,110.3,105.1,109.0,110.3,107.5,102.6,103.0,105.7,105.0,110.7,85.12239870377188,150.09,77.18,2.48,2.03
2010-08-01,111.9,109.3,110.4,109.3,113.8,114.1,112.3,112.8,106.2,110.3,112.3,108.6,100.6,105.0,106.0,107.3,111.2,85.12239870377188,150.78,78.67,2.5,2.05
2010-09-01,112.4,110.7,111.7,113.6,114.0,113.5,109.0,112.4,109.9,112.1,112.0,112.2,101.8,108.4,108.4,107.1,111.7,85.12239870377188,151.35,79.45,2.48,2.03
2010-10-01,112.7,111.9,112.0,114.1,114.0,114.1,111.7,112.8,111.0,113.2,114.8,107.1,102.9,109.6,110.1,108.5,110.6,85.12239870377188,149.99,84.42,2.88,2.43
2010-11-01,112.8,111.7,111.3,115.1,114.4,114.3,112.2,112.0,112.6,113.1,111.1,111.7,102.0,107.8,107.7,108.2,112.8,85.12239870377188,150.24,86.71,2.5,2.05
2010-12-01,114.2,112.6,112.5,115.4,115.4,115.5,111.9,113.7,113.2,113.2,112.7,112.9,102.4,107.8,109.1,109.6,112.1,85.12239870377188,150.66,92.79,2.58,2.13
2011-01-01,115.59,114.51,113.01,96.04,114.33,118.69,110.64,114.4,113.86,113.55,111.35,109.23,103.62,108.35,110.22,110.48,113.15,85.12239870377188,151.85,97.96,2.49,2.04
2011-02-01,116.7,115.5,115.5,124.0,117.7,117.9,113.4,116.0,114.7,115.6,114.7,117.2,104.9,106.3,110.6,112.27,114.18,85.12239870377188,152.07,106.57,2.51,2.06
2011-03-01,118.3,117.5,117.5,119.4,118.1,118.2,112.7,116.5,116.0,115.9,117.5,115.5,105.1,107.4,111.0,112.23,112.77,85.12239870377188,153.04,116.56,2.29,1.84
2011-04-01,117.7,117.9,117.9,119.1,119.0,118.0,114.5,116.2,121.0,115.4,117.2,114.8,105.1,107.1,111.4,113.35,114.73,85.12239870377188,154.45,124.49,2.42,1.97
2011-05-01,118.7,118.9,119.0,120.6,118.5,118.5,115.1,118.2,121.2,116.6,116.6,115.7,105.7,107.4,111.9,113.77,115.59,85.12239870377188,155.13,118.43,2.5,2.05
2011-06-01,119.9,119.8,119.8,111.9,120.1,119.5,114.2,118.0,121.6,116.3,119.9,118.5,105.6,107.9,112.2,114.27,117.93,85.12239870377188,153.31,117.03,2.34,1.89
2011-07-01,120.3,120.1,119.9,112.6,120.4,120.2,112.4,117.7,122.5,117.6,118.3,120.7,106.2,111.1,112.6,115.03,119.83,85.12239870377188,151.96,117.86,2.34,1.89
2011-08-01,122.3,121.2,121.1,116.0,123.7,123.4,116.4,118.7,124.5,120.0,120.4,121.9,106.4,109.5,112.9,115.1,121.49,85.12239870377188,153.92,111.99,2.41,1.96
2011-09-01,124.0,123.5,122.7,117.6,124.8,124.2,116.2,119.9,126.1,119.2,122.3,122.3,106.2,109.8,113.8,115.69,121.56,85.12239870377188,156.15,115.73,2.32,1.87
2011-10-01,124.6,124.8,124.0,117.0,125.0,124.3,117.6,120.6,128.5,119.5,121.8,122.2,106.6,117.0,114.0,116.61,121.97,85.12239870377188,151.75,113.12,2.36,1.91
2011-11-01,124.7,124.6,123.5,124.2,125.4,125.1,118.9,121.9,128.1,120.2,122.7,123.3,107.1,115.7,114.2,116.85,125.48,85.12239870377188,157.87,113.92,2.32,1.87
2011-12-01,126.0,124.8,123.6,125.3,128.1,127.8,119.0,122.3,131.9,119.9,122.8,128.7,106.5,113.3,114.6,118.86,122.66,85.12239870377188,158.27,111.46,2.27,1.82
2012-01-01,130.2,129.1,129.2,121.6,129.3,130.8,123.2,121.1,131.8,120.6,122.7,127.8,108.7,114.5,115.0,120.0,125.9,85.12239870377188,158.62,113.81,2.23,1.78
2012-02-01,130.5,129.3,129.4,121.6,129.1,129.1,123.2,121.1,131.8,120.6,122.7,127.9,108.7,114.5,115.1,120.0,125.9,85.12239870377188,157.46,121.87,2.4,1.95
2012-03-01,132.6,135.1,134.5,129.9,132.1,131.9,120.6,133.7,139.7,130.2,129.7,134.4,113.4,116.7,125.6,121.4,131.6,85.12239870377188,157.57,128.0,2.34,1.89
2012-04-01,132.8,135.2,134.7,131.3,132.3,132.1,121.3,134.1,139.5,130.7,130.1,134.6,114.0,117.6,125.0,121.9,132.0,85.12239870377188,157.26,122.62,2.3,1.85
2012-05-01,133.8,136.7,136.3,132.5,133.9,133.7,122.0,134.7,139.7,131.1,130.8,135.1,114.4,118.4,125.5,122.6,132.6,85.12239870377188,157.31,113.08,2.4,1.95
2012-06-01,135.3,138.0,136.2,132.6,134.5,134.3,122.5,134.8,146.5,131.3,131.1,135.5,114.8,118.5,125.7,123.1,132.9,85.12239870377188,157.5,98.06,2.37,1.92
2012-07-01,135.7,138.1,136.5,132.9,135.0,134.7,122.8,134.9,146.7,131.3,131.3,135.8,114.9,118.9,125.9,123.4,133.1,85.12239870377188,157.4,104.62,2.42,1.97
2012-08-01,136.6,139.0,137.1,134.2,135.9,135.7,123.3,135.6,147.8,132.0,132.0,136.6,115.2,119.4,126.4,124.4,133.7,85.12239870377188,157.36,113.76,2.48,2.03
2012-09-01,138.0,139.7,137.7,134.2,137.5,137.2,123.8,136.5,150.1,132.9,132.4,137.3,115.6,120.6,126.7,125.0,134.4,85.12239870377188,157.34,114.36,2.45,2.0
2012-10-01,139.2,140.3,138.1,135.3,138.8,138.6,124.5,137.5,151.5,133.5,133.1,138.5,116.0,121.4,128.1,125.4,135.3,85.12239870377188,157.27,108.92,2.19,1.74
2012-11-01,140.0,140.9,138.7,136.2,139.8,139.6,125.3,138.2,152.3,134.1,133.5,138.9,116.2,121.8,128.8,125.7,135.6,85.12239870377188,157.32,111.05,2.03,1.58
2012-12-01,141.1,141.8,139.6,137.6,141.2,140.9,126.1,139.1,153.2,134.4,133.9,140.2,116.3,122.1,129.1,126.1,136.0,85.12239870377188,157.33,114.49,2.21,1.76
2013-01-01,141.9,143.8,140.3,138.7,142.3,142.0,127.1,140.1,153.8,135.4,134.3,140.6,116.4,122.2,129.3,126.4,136.3,85.12239870377188,157.3,115.24,2.23,1.78
2013-02-01,143.0,143.8,140.5,139.1,143.3,143.0,128.1,141.3,155.2,136.4,135.5,141.9,116.9,123.3,130.2,127.5,137.4,85.12239870377188,157.31,118.81,2.23,1.78
2013-03-01,144.0,144.8,142.9,139.3,144.6,144.3,128.7,141.8,155.9,136.9,136.4,142.4,117.3,123.7,131.2,127.7,138.8,85.12239870377188,157.31,112.79,2.2,1.75
2013-04-01,144.8,144.5,142.3,139.9,145.6,145.3,129.4,142.8,156.3,137.6,137.3,143.2,117.4,124.5,131.7,128.1,139.7,85.12239870377188,157.31,105.55,2.24,1.79
2013-05-01,145.8,145.2,141.9,140.1,146.4,146.1,130.1,144.0,157.2,139.3,138.6,144.5,117.9,125.8,133.2,129.1,140.6,85.12239870377188,157.3,106.0,2.06,1.61
2013-06-01,146.6,145.5,142.2,141.4,147.5,147.1,130.7,144.6,158.0,139.9,139.4,145.0,118.1,126.3,133.3,129.7,141.1,85.12239870377188,157.31,106.06,2.03,1.58
2013-07-01,147.4,147.2,145.1,142.4,148.4,148.1,131.3,145.2,158.8,140.4,140.0,145.5,118.5,126.6,133.5,130.3,141.5,85.12239870377188,157.32,109.78,2.2,1.75
2013-08-01,147.8,149.1,146.3,143.2,149.2,148.8,131.6,145.3,158.5,140.5,140.0,145.6,118.6,126.7,133.8,130.5,141.6,85.12239870377188,157.32,107.84,2.29,1.84
2013-09-01,148.9,150.0,147.8,144.3,150.4,150.1,132.4,146.3,159.4,141.3,140.9,146.7,119.1,127.5,134.9,131.5,142.6,85.12239870377188,157.31,113.59,2.29,1.84
2013-10-01,150.0,150.9,148.6,145.5,151.6,151.3,133.4,147.5,160.3,142.3,142.0,147.8,120.0,128.5,136.0,132.6,143.8,85.12239870377188,157.36,112.29,2.23,1.78
2013-11-01,151.11,151.77,149.54,146.34,152.86,152.51,134.15,148.67,161.26,143.16,142.69,148.61,120.45,129.27,136.96,133.57,144.92,85.12239870377188,157.28,111.14,2.09,1.64
2013-12-01,152.29,153.0,150.81,147.42,154.25,153.89,134.75,149.75,162.18,144.13,143.52,149.59,120.93,130.08,137.88,134.42,145.94,85.12239870377188,157.26,112.75,2.11,1.66
2014-01-01,153.3,153.3,150.7,148.4,155.5,155.2,135.5,150.7,162.7,145.0,144.3,150.4,121.3,131.0,138.3,134.9,146.5,85.12239870377188,157.31,110.19,2.29,1.84
2014-02-01,154.03,154.06,151.78,149.12,156.45,156.08,136.0,151.35,163.31,145.51,145.0,151.01,121.57,131.97,138.67,135.31,146.88,85.12239870377188,157.31,110.83,2.28,1.83
2014-03-01,155.23,154.66,152.54,150.25,158.02,157.65,136.74,151.95,164.17,146.47,145.9,152.01,122.1,132.77,139.4,136.15,147.71,85.12239870377188,157.3,109.47,2.21,1.76
2014-04-01,156.19,155.32,153.11,151.1,159.27,158.89,137.51,152.66,164.91,147.0,146.32,152.58,122.59,133.55,139.86,136.89,148.38,85.12239870377188,157.29,110.41,2.22,1.77
2014-05-01,157.41,156.33,154.01,152.37,160.56,160.17,138.3,154.06,166.0,148.24,147.4,153.76,123.09,134.47,140.85,138.07,149.58,85.12239870377188,157.29,111.9,2.33,1.88
2014-06-01,158.62,157.37,154.99,153.43,161.88,161.48,139.33,155.29,167.33,149.3,148.42,154.83,123.71,135.3,141.33,139.17,150.67,85.12239870377188,157.29,114.6,2.16,1.71
2014-07-01,159.65,157.71,155.35,154.0,163.11,162.7,140.24,156.15,168.27,150.32,149.12,155.44,124.06,136.51,141.77,139.93,151.33,85.12239870377188,157.29,109.63,2.06,1.61
2014-08-01,160.42,158.41,156.04,154.88,164.01,163.59,140.96,156.81,168.71,151.1,149.92,156.25,124.23,137.4,142.64,140.51,152.04,85.12239870377188,157.29,102.33,2.2,1.75
2014-09-01,161.31,159.43,157.07,155.97,165.0,164.57,141.76,157.63,169.39,152.17,150.55,156.93,124.56,137.87,143.88,141.3,152.86,85.12239870377188,157.31,98.27,2.1,1.65
2014-10-01,162.13,160.34,157.99,156.95,165.82,165.39,142.61,158.63,170.06,153.1,151.42,157.65,124.91,138.36,145.01,142.35,153.85,85.12239870377188,157.32,83.5,2.21,1.76
2014-11-01,163.1,161.3,158.9,158.0,166.8,166.4,143.4,159.8,170.8,154.2,152.4,158.4,125.3,138.9,146.0,143.3,154.9,85.12239870377188,166.65,80.42,2.18,1.73
2014-12-01,164.4,162.5,160.2,159.5,168.4,167.9,144.7,161.3,171.8,155.5,153.5,159.7,125.5,139.6,147.0,144.6,156.2,85.12239870377188,169.68,63.28,2.23,1.78
2015-01-01,165.77,163.72,161.41,160.84,169.85,169.4,145.66,162.66,172.94,156.89,154.74,160.77,125.64,140.55,148.11,145.8,157.36,85.12239870377188,169.68,48.81,2.2,1.75
2015-02-01,166.9,164.83,162.53,162.31,171.1,170.64,146.73,163.78,173.93,158.0,155.86,161.75,126.06,141.28,149.04,146.86,158.41,85.12239870377188,169.68,58.09,2.21,1.76
2015-03-01,168.42,166.19,163.93,163.65,172.84,172.38,147.92,165.22,175.11,159.49,157.37,163.06,126.27,142.03,150.28,148.04,159.86,85.12239870377188,197.0,56.69,2.07,1.62
2015-04-01,169.7,167.2,164.9,165.0,174.4,173.9,148.9,166.1,176.2,160.3,158.3,164.5,126.5,142.6,151.0,148.9,160.8,85.12239870377188,197.0,57.45,2.03,1.58
2015-05-01,171.052,168.492,166.09,166.56,175.876,175.372,150.044,167.408,177.47199999999998,161.328,159.374,165.834,126.82,143.462,152.364,149.972,162.02200000000002,85.12239870377188,197.0,65.08,2.05,1.6
2015-06-01,172.404,169.784,167.28,168.12,177.352,176.844,151.18800000000002,168.71599999999998,178.744,162.356,160.448,167.168,127.14,144.32399999999998,153.728,151.044,163.244,85.12239870377188,196.95,62.06,1.97,1.52
2015-07-01,173.756,171.076,168.47,169.68,178.828,178.316,152.332,170.024,180.016,163.38400000000001,161.522,168.50199999999998,127.46,145.186,155.09199999999998,152.11599999999999,164.466,85.12239870377188,197.0,57.01,2.18,1.73
2015-08-01,175.108,172.368,169.66,171.24,180.304,179.78799999999998,153.476,171.332,181.288,164.412,162.596,169.83599999999998,127.78,146.048,156.456,153.188,165.688,85.12239870377188,197.0,47.09,2.12,1.67
2015-09-01,176.46,173.66,170.85,172.8,181.78,181.26,154.62,172.64,182.56,165.44,163.67,171.17,128.1,146.91,157.82,154.26,166.91,85.12239870377188,196.95,48.08,2.22,1.77
2015-10-01,177.2,174.36,171.53,173.66,182.61,182.09,155.33,173.51,183.04,165.74,164.13,172.13,128.39,147.5,158.97,154.79,167.49,85.12239870377188,197.0,48.86,2.21,1.76
2015-11-01,178.37,175.35,172.42,175.13,184.06,183.51,156.24,174.71,183.66,166.23,164.63,173.99,128.75,148.16,159.9,155.44,168.36,85.12239870377188,197.0,44.82,2.18,1.73
2015-12-01,180.15,176.71,173.76,177.08,186.2,185.64,157.81,177.06,184.59,167.19,165.79,176.05,129.32,149.44,160.76,157.16,170.29,85.12239870377188,197.0,37.8,2.08,1.63
2016-01-01,181.71,178.19,175.18,178.89,187.92,187.35,159.34,178.61,185.73,168.12,167.24,177.87,129.83,150.39,162.93,158.89,171.88,85.12239870377188,197.0,30.66,2.15,1.7
2016-02-01,185.89,183.03,177.95,183.72,190.51,189.9,161.38,181.15,198.15,170.62,169.29,180.35,130.7,151.67,167.14,160.03,173.52,85.12239870377188,197.0,31.7,2.11,1.66
2016-03-01,189.9,186.4,180.8,188.4,194.9,194.2,164.1,185.1,203.0,174.0,171.4,184.5,131.6,153.4,169.7,160.9,176.3,85.12239870377188,197.0,37.76,1.92,1.47
2016-04-01,192.99,189.55,182.66,191.95,197.4,196.7,165.5,187.29,209.68,175.72,172.6,187.47,132.27,154.95,172.04,161.6,177.76,85.12239870377188,197.0,41.59,1.99,1.54
2016-05-01,198.3,194.7,187.26,197.86,202.46,201.72,169.72,191.75,217.42,180.27,176.42,192.54,133.18,158.37,176.8,165.27,183.28,85.12239870377188,197.0,47.01,1.68,1.23
2016-06-01,201.7,198.27,190.32,202.32,205.39,204.6,172.77,195.8,222.95,183.06,178.73,196.68,133.99,159.23,179.23,166.88,185.04,85.12239870377188,283.0,48.46,1.77,1.32
2016-07-01,204.23,200.69,191.96,204.75,207.87,207.05,174.72,198.1,226.86,183.85,179.82,199.29,134.53,160.11,182.25,168.0,186.42,85.12239870377188,313.0,45.25,1.65,1.2
2016-08-01,206.29,202.4,193.41,206.78,210.3,209.45,176.21,200.16,228.77,184.87,180.6,200.83,134.9,160.92,185.25,168.35,187.2,85.12239870377188,306.0,46.15,1.5,1.05
2016-09-01,207.96,204.34,194.97,208.7,212.0,211.13,177.63,202.28,230.62,186.03,181.45,202.11,135.32,161.78,188.38,168.78,188.09,85.12239870377188,305.25,47.43,1.75,1.3
2016-10-01,209.68,205.86,196.53,210.48,213.82,212.93,178.91,204.38,232.34,187.26,182.46,203.39,135.74,162.63,191.35,169.27,189.11,85.12239870377188,305.0,50.94,1.78,1.33
2016-11-01,211.33,207.33,198.05,212.26,215.7,214.8,179.96,206.48,233.65,188.56,183.45,204.67,135.98,163.5,193.39,169.83,190.06,85.12239870377188,305.0,45.25,1.92,1.47
2016-12-01,213.56,208.61,199.31,214.43,218.58,217.64,181.15,208.64,234.93,189.96,184.5,206.55,136.21,164.53,195.51,171.16,191.87,85.12239870377188,305.0,53.48,1.58,1.13
2017-01-01,215.72,210.03,200.64,216.37,221.4,220.44,182.17,210.46,236.24,191.48,185.65,208.5,136.43,165.39,197.19,172.2,193.15,85.12239870377188,305.25,55.01,1.84,1.39
2017-02-01,218.95,212.34,202.81,219.43,225.81,224.8,183.37,212.65,238.65,193.26,187.06,210.56,136.76,166.82,199.1,173.11,194.09,85.12239870377188,305.5,46.39,1.82,1.37
2017-03-01,222.71,215.14,205.4,222.58,230.8,229.75,185.04,215.92,241.22,195.75,189.0,213.02,137.17,169.23,201.17,174.7,196.59,85.12239870377188,306.35,52.13,1.6,1.15
2017-04-01,226.27,217.51,207.75,224.55,235.5,234.42,186.65,219.31,243.33,198.28,191.0,215.43,137.5,171.64,203.34,176.27,199.38,85.12239870377188,305.85,52.94,1.79,1.34
2017-05-01,230.53,220.05,210.1,227.51,241.47,240.34,188.45,223.02,245.49,200.72,193.13,218.07,138.04,173.9,205.52,178.23,201.77,85.12239870377188,305.4,50.57,1.87,1.42
2017-06-01,234.17,222.96,213.19,231.03,246.29,245.14,189.85,226.56,247.32,203.66,195.55,220.76,138.39,175.05,207.99,180.27,204.08,85.12239870377188,305.9,47.42,1.95,1.5
2017-07-01,236.745,225.125,215.58499999999998,233.815,249.58999999999997,248.42,191.14999999999998,229.29000000000002,248.51999999999998,206.27499999999998,197.88,222.665,138.625,176.055,209.485,182.275,205.84,85.12239870377188,305.65,49.01,2.01,1.56
2017-08-01,239.32,227.29,217.98,236.6,252.89,251.7,192.45,232.02,249.72,208.89,200.21,224.57,138.86,177.06,210.98,184.28,207.6,85.12239870377188,305.85,51.64,1.99,1.54
2017-09-01,241.19,229.11,219.78,239.65,255.08,253.88,193.49,234.28,250.91,211.02,201.58,226.35,139.11,178.06,212.27,185.44,209.19,85.12239870377188,305.75,56.79,1.93,1.48
2017-10-01,243.03,230.86,221.52,242.76,257.24,256.03,194.59,236.35,252.08,212.81,202.91,228.17,139.37,179.06,213.86,186.61,210.69,85.12239870377188,305.8,58.46,1.95,1.5
2017-11-01,244.93,232.64,223.3,245.78,259.5,258.28,195.69,238.34,253.33,214.56,204.3,229.95,140.15,179.93,215.46,187.81,212.27,85.12239870377188,306.0,63.56,1.96,1.51
2017-12-01,246.38,233.83,224.41,248.53,261.01,259.79,196.81,239.84,254.41,215.99,205.61,232.05,140.95,180.88,216.94,189.13,213.93,85.12239870377188,306.0,65.11,1.96,1.51
2018-01-01,248.35,235.42,226.08,251.54,263.29,262.06,198.13,241.51,255.89,217.66,207.03,234.3,141.73,182.06,218.69,190.78,215.75,85.12239870377188,305.7,69.68,2.0,1.55
2018-02-01,250.32,237.2,227.85,254.73,265.52,264.28,199.71,243.36,257.46,219.38,208.6,236.37,142.64,183.27,220.3,192.29,217.49,85.12239870377188,305.9,66.67,2.01,1.56
2018-03-01,252.41,239.19,229.74,257.85,267.91,266.65,201.27,245.28,259.25,221.09,210.29,238.4,143.4,184.58,222.11,193.87,219.25,85.12239870377188,305.65,74.72,1.94,1.49
2018-04-01,254.52,241.26,231.94,260.85,270.35,269.08,202.83,247.26,260.87,222.79,212.1,240.43,144.19,186.02,223.9,195.35,221.12,85.12239870377188,305.7,72.37,1.97,1.52
2018-05-01,257.29,243.61,234.47,264.04,273.94,272.64,204.4,249.3,262.77,224.61,214.01,242.59,145.04,187.56,225.95,196.94,223.09,85.12239870377188,305.95,77.64,1.78,1.33
2018-06-01,260.47,246.12,237.06,267.26,278.25,276.89,206.27,251.52,264.75,226.5,215.98,244.79,145.9,189.15,228.22,198.63,225.09,85.12239870377188,305.75,75.38,1.78,1.33
2018-07-01,263.42,248.12,238.97,269.13,282.16,280.76,208.06,253.59,266.62,228.42,218.05,246.99,146.76,190.71,230.29,200.33,227.06,85.12239870377188,305.9,74.72,1.83,1.38
2018-08-01,266.18,250.05,241.13,273.84,286.17,284.73,209.81,255.69,267.83,229.94,219.51,248.5,147.64,191.78,231.73,201.56,228.42,85.12239870377188,306.15,73.35,2.0,1.55
2018-09-01,268.41,251.65,242.8,277.19,289.03,287.56,211.51,257.77,269.16,231.69,221.02,250.12,148.56,192.87,233.34,202.84,229.79,85.12239870377188,306.35,79.59,1.96,1.51
2018-10-01,270.39,253.67,244.77,280.57,291.39,289.91,213.31,259.94,270.45,233.5,222.6,251.82,149.53,194.06,234.93,204.19,231.26,85.12239870377188,306.6,79.18,2.01,1.56
2018-11-01,272.56,255.41,246.61,283.99,294.02,292.52,215.19,262.11,271.93,235.35,224.21,253.61,150.46,195.34,236.54,205.57,232.79,85.12239870377188,306.8,66.59,1.8,1.35
2018-12-01,274.57,256.68,247.81,287.45,296.4,294.9,216.91,264.1,273.33,237.08,225.79,255.44,151.42,196.66,238.21,206.99,234.42,85.12239870377188,307.0,62.0,1.9,1.45
2019-01-01,276.6,258.75,250.1,290.92,298.85,297.33,218.63,266.01,274.69,238.78,227.33,257.25,152.33,197.92,239.89,208.32,236.03,85.12239870377188,306.75,60.39,1.95,1.5
2019-02-01,278.62,260.44,251.84,294.48,301.3,299.76,220.32,267.89,276.1,240.41,228.81,259.0,153.24,199.14,241.55,209.66,237.61,85.12239870377188,306.85,64.89,1.99,1.54
2019-03-01,280.81,261.82,253.26,298.06,303.94,302.38,221.99,269.82,277.88,242.06,230.54,260.79,154.18,200.38,243.12,210.96,239.1,85.12239870377188,306.95,67.67,2.02,1.57
2019-04-01,283.46,263.65,255.0,301.76,307.4,305.8,223.79,271.87,279.79,243.8,232.37,262.64,155.14,201.68,244.76,212.27,240.68,85.12239870377188,306.95,73.08,1.94,1.49
2019-05-01,286.61,265.62,257.07,305.53,311.73,310.08,225.7,274.08,281.79,245.65,234.23,264.59,156.17,203.06,246.5,213.65,242.5,85.12239870377188,306.95,73.65,1.94,1.49
2019-06-01,289.69,267.88,259.23,309.35,315.97,314.27,227.48,276.32,283.64,247.44,236.08,266.54,157.17,204.38,248.35,215.01,244.34,85.12239870377188,306.9,66.74,2.09,1.64
2019-07-01,292.62,269.95,261.48,313.24,319.94,318.19,229.2,278.52,285.5,249.26,237.79,268.5,158.15,205.62,250.03,216.5,246.15,85.12239870377188,306.85,66.24,2.11,1.66
2019-08-01,295.51,271.75,263.37,317.16,323.85,322.06,230.9,280.68,287.28,251.03,239.55,270.49,159.16,206.94,251.71,217.92,247.92,85.12239870377188,307.0,61.05,2.09,1.64
2019-09-01,298.59,274.16,265.7,321.22,328.07,326.22,232.68,282.96,289.15,252.87,241.41,272.55,160.22,208.29,253.49,219.47,249.77,85.12239870377188,307.0,65.27,2.07,1.62
2019-10-01,301.78,276.19,267.9,325.3,332.44,330.54,234.49,285.33,291.06,254.76,243.34,274.67,161.31,209.71,255.34,221.02,251.69,85.12239870377188,307.0,59.1,2.05,1.6
2019-11-01,304.87,278.38,270.0,329.39,336.6,334.66,236.31,287.78,292.87,256.72,245.37,276.87,162.45,211.2,257.22,222.63,253.74,85.12239870377188,307.0,63.56,1.94,1.49
2019-12-01,307.47,280.63,272.46,333.55,339.88,337.91,238.15,290.27,294.39,258.73,247.43,279.06,163.51,212.75,259.19,224.27,255.85,85.12239870377188,307.0,68.56,1.96,1.51
2020-01-01,310.16,282.94,274.63,337.76,343.23,341.23,240.09,292.83,296.06,260.81,249.56,281.3,164.61,214.35,261.17,226.02,258.0,85.12239870377188,307.0,66.68,2.07,1.62
2020-02-01,312.61,285.01,276.9,342.02,346.2,344.18,242.01,295.04,297.66,262.97,251.56,283.42,165.73,215.99,263.12,227.83,260.07,85.12239870377188,306.95,58.45,2.07,1.62
2020-03-01,315.23,287.3,279.14,346.35,349.46,347.42,244.0,297.36,299.43,265.07,253.59,285.54,166.88,217.52,265.06,229.6,262.11,85.12239870377188,361.0,32.29,2.04,1.59
2020-04-01,318.45,289.96,281.95,350.76,353.59,351.5,246.1,299.95,301.49,267.31,256.22,288.32,168.08,219.14,267.17,231.56,264.36,85.12239870377188,361.0,14.28,2.04,1.59
2020-05-01,322.17,292.5,284.57,355.21,358.6,356.46,248.17,302.55,303.67,269.49,259.19,291.27,169.36,221.06,269.32,233.47,266.81,85.12239870377188,361.0,27.9,1.75,1.3
2020-06-01,326.07,295.01,287.11,359.8,363.93,361.72,250.37,305.27,305.93,271.75,262.26,294.28,170.72,223.01,271.48,235.4,269.28,85.12239870377188,361.0,40.3,1.69,1.24
2020-07-01,330.14,297.22,289.29,364.47,369.47,367.21,252.61,308.06,308.25,274.1,265.39,297.49,172.09,225.01,273.67,237.43,271.8,85.12239870377188,381.0,44.1,1.65,1.2
2020-08-01,334.57,300.34,292.52,369.25,375.66,373.32,254.92,311.0,310.64,276.64,268.5,300.8,173.5,227.05,275.94,239.49,274.38,85.12239870377188,381.0,45.06,1.65,1.2
2020-09-01,339.52,303.17,295.36,374.04,382.72,380.29,257.32,314.14,313.14,279.23,271.77,304.31,174.95,229.13,278.3,241.6,277.13,85.12239870377188,381.0,40.85,1.54,1.09
2020-10-01,344.73,306.95,299.27,378.97,390.21,387.69,259.79,317.41,315.74,281.93,275.16,307.92,176.45,231.27,280.77,243.81,280.09,85.12239870377188,381.0,39.74,1.61,1.16
2020-11-01,350.26,309.14,301.31,384.01,398.19,395.56,262.37,320.85,318.42,284.9,278.66,311.68,178.0,233.53,283.37,246.13,283.14,85.12239870377188,381.0,42.7,1.54,1.09
2020-12-01,355.91,312.55,304.7,389.09,406.36,403.63,265.0,324.4,321.12,287.93,282.22,315.52,179.57,235.84,286.04,248.54,286.29,85.12239870377188,381.0,50.33,1.42,0.97
2021-01-01,361.23,316.48,308.95,394.23,413.82,411.0,267.96,328.06,323.88,291.0,285.87,319.42,181.06,238.17,288.71,250.92,289.38,85.12239870377188,381.0,54.87,1.36,0.91
2021-02-01,366.8,320.3,312.83,399.43,421.63,418.72,270.98,331.85,326.78,294.21,289.7,323.48,182.59,240.59,291.56,253.32,292.59,85.12239870377188,381.0,62.48,1.42,0.97
2021-03-01,372.51,323.71,316.05,404.75,429.66,426.65,274.14,335.7,329.76,297.49,293.58,327.61,184.1,243.15,294.51,255.75,295.86,85.12239870377188,381.0,65.62,1.43,0.98
2021-04-01,376.14,326.91,319.46,410.07,433.92,430.89,276.98,339.55,332.06,300.87,296.9,331.18,185.66,245.72,297.16,258.25,299.13,85.12239870377188,381.0,64.3,1.37,0.92
2021-05-01,379.94,330.95,323.74,415.5,438.49,435.42,279.72,343.48,334.41,304.25,300.23,334.79,187.24,248.3,299.91,260.87,302.37,85.12239870377188,410.75,67.83,1.34,0.89
2021-06-01,383.96,333.64,326.39,421.06,443.37,440.26,282.56,347.59,336.87,307.76,303.61,338.51,188.84,250.96,302.91,263.59,305.7,85.12239870377188,410.12,73.46,1.31,0.86
2021-07-01,387.51,338.0,331.1,426.68,447.18,444.05,285.26,351.8,339.68,311.3,307.04,342.28,190.43,253.64,305.98,266.34,309.04,85.12239870377188,410.12,75.93,1.32,0.87
2021-08-01,391.48,340.61,333.4,432.48,451.93,448.75,287.78,355.73,342.52,314.51,310.15,345.95,192.02,256.16,309.12,268.99,312.22,85.12239870377188,410.39,70.72,1.24,0.79
2021-09-01,395.98,344.84,337.78,438.35,457.61,454.38,290.68,359.7,345.43,317.92,313.33,349.83,193.57,258.71,312.3,271.79,315.53,85.12239870377188,410.8,74.55,1.25,0.8
2021-10-01,399.87,347.59,340.52,444.31,461.77,458.52,293.82,363.99,348.69,321.76,316.87,354.21,195.16,261.32,315.69,274.73,318.94,85.12239870377188,411.25,84.11,1.23,0.78
2021-11-01,404.18,351.96,344.72,450.36,466.71,463.42,296.87,368.2,352.09,325.59,320.44,358.53,196.79,264.19,319.12,277.9,322.84,85.12239870377188,410.0,82.16,1.23,0.78
2021-12-01,411.52,355.91,348.42,456.54,476.95,473.53,301.25,373.35,356.68,329.55,324.32,363.0,198.46,267.6,322.92,281.13,326.78,85.12239870377188,435.0,65.41,1.2,0.75
2022-01-01,417.58,360.37,352.71,462.83,484.69,481.19,305.72,378.59,360.97,333.59,328.31,367.59,200.21,271.09,326.84,284.52,330.94,85.12239870377188,412.0,88.71,1.4,0.95
2022-02-01,424.39,365.18,357.49,469.26,493.77,490.17,310.3,383.98,365.4,337.78,332.42,372.39,201.97,274.66,330.86,288.04,335.21,85.12239870377188,417.0,99.64,1.26,0.81
2022-03-01,431.8,368.75,360.46,475.82,503.57,499.87,315.15,389.7,370.39,342.31,336.78,377.95,203.84,278.33,335.36,291.7,339.73,85.12239870377188,416.0,121.23,1.24,0.79
2022-04-01,439.4,373.26,364.64,482.47,513.63,509.82,320.21,395.55,375.5,347.03,341.31,383.67,205.78,282.13,339.95,295.48,344.39,85.12239870377188,415.0,106.51,1.22,0.77
2022-05-01,447.23,380.25,371.78,489.24,523.98,520.06,325.44,401.6,380.72,351.91,346.05,389.67,207.84,286.11,344.78,299.31,349.22,85.12239870377188,417.0,116.72,1.02,0.57
2022-06-01,455.35,386.18,377.64,496.19,534.71,530.68,330.85,407.82,386.08,356.98,350.98,395.97,210.0,290.19,349.84,303.29,354.27,85.12239870377188,414.0,130.1,1.16,0.71
2022-07-01,463.63,392.95,384.29,503.1,545.64,541.49,336.35,414.17,391.57,362.14,356.01,402.44,212.2,294.32,354.95,307.32,359.41,85.12239870377188,426.0,120.54,1.08,0.63
2022-08-01,471.83,399.19,390.46,510.06,556.42,552.16,341.74,420.49,397.04,367.29,360.99,409.05,214.36,298.43,360.09,311.37,364.49,85.12239870377188,430.0,106.34,0.97,0.52
2022-09-01,478.24,405.53,396.87,517.22,564.4,560.07,344.82,423.88,402.17,371.25,366.4,415.39,216.34,302.52,365.03,315.98,369.92,85.12239870377188,435.1,93.25,0.94,0.49
2022-10-01,484.19,409.32,399.97,524.66,571.32,566.9,347.85,427.94,407.41,375.99,372.14,421.5,218.34,306.58,370.17,320.02,375.25,85.12239870377188,441.0,96.57,1.01,0.56
2022-11-01,490.94,416.17,406.75,532.46,579.31,574.79,351.73,433.21,413.1,380.73,377.64,428.56,219.5,308.06,376.19,324.31,381.28,85.12239870377188,446.0,93.36,1.19,0.74
2022-12-01,499.815,422.78499999999997,413.02,540.4300000000001,590.925,586.23,355.865,438.985,419.38,385.82500000000005,383.54499999999996,436.71500000000003,220.75,309.895,382.595,329.405,387.735,85.12239870377188,460.0,82.5,1.24,0.79
2023-01-01,508.69,429.4,419.29,548.4,602.54,597.67,360.0,444.76,425.66,390.92,389.45,444.87,222.0,311.73,389.0,334.5,394.19,85.12239870377188,461.5,84.78,1.27,0.82
2023-02-01,517.38,433.98,423.14,556.16,614.01,608.97,363.76,450.62,431.56,395.85,395.8,452.19,223.25,313.46,395.48,339.44,401.01,85.12239870377188,460.0,86.04,1.29,0.84
2023-03-01,526.98,441.97,431.24,564.21,626.7,621.46,367.85,456.91,437.78,400.73,402.46,462.04,224.84,315.84,402.7,344.32,407.72,85.12239870377188,461.0,81.1,1.27,0.82
2023-04-01,537.05,448.41,437.44,572.43,640.04,634.6,372.01,463.43,444.16,405.77,409.36,472.36,226.48,318.37,410.27,350.08,414.72,85.12239870377188,460.1,86.6,1.0,0.55
2023-05-01,547.47,456.52,445.52,580.84,654.06,648.4,376.07,469.97,450.44,411.24,417.03,482.68,228.14,321.15,417.41,355.89,422.1,85.12239870377188,466.0,76.91,1.19,0.74
2023-06-01,559.13,464.47,453.4,590.97,669.73,663.83,380.74,477.34,457.7,416.9,425.15,494.3,230.03,324.65,425.04,362.29,430.02,85.12239870377188,770.88,76.97,1.26,0.81
2023-07-01,575.26,474.68,462.97,603.42,692.86,686.65,387.26,481.98,469.61,422.12,433.76,508.15,230.55,326.79,431.12,370.79,436.65,85.12239870377188,758.022,82.27,1.09,0.64
2023-08-01,593.55,485.17,473.04,612.94,719.66,713.08,394.16,486.79,483.54,427.96,443.72,519.9,230.94,329.48,435.83,382.28,443.87,85.12239870377188,757.52,89.3,1.18,0.73
2023-09-01,606.0,495.15,483.55,629.57,737.31,730.46,398.88,491.98,492.56,432.01,451.07,528.3,231.32,330.57,443.0,391.07,451.05,85.12239870377188,769.26,98.16,1.35,0.9
2023-10-01,616.51,502.21,490.27,644.06,751.41,744.41,405.08,498.02,500.81,437.31,458.92,535.46,232.06,332.27,448.15,396.9,457.94,85.12239870377188,825.49,94.9,1.35,0.9
2023-11-01,629.39,510.04,497.79,658.89,769.58,762.36,409.82,505.25,509.62,442.71,467.7,544.35,232.9,335.31,453.02,402.62,463.65,85.12239870377188,942.617,85.76,1.25,0.8
2023-12-01,643.78,519.0,506.86,674.81,790.53,783.0,414.91,512.54,519.65,449.11,474.83,552.81,233.6,337.15,456.55,409.14,469.26,85.12239870377188,899.893,79.12,1.34,0.89
2024-01-01,86.73563050706822,88.92092325261503,88.52822351156745,84.18867462054006,85.11460096832012,783.0,88.03695241355052,92.07780934715775,88.21200076087678,91.17423672953905,91.0899358856088,88.18704204395523,99.04197451262492,95.1869125534256,91.65978454969944,86.50834568538612,90.02669470372042,85.12239870377188,1357.383,82.18,1.43,0.98
2024-02-01,89.43951980870574,90.76638226361568,90.45065003949202,87.75980632029435,88.34014970998146,783.0,90.01488082471732,93.30940423857834,90.3952003356797,92.76713406746411,92.91890575956836,89.7404027622194,99.15008952999126,96.44064750601522,93.12785299131872,88.43370500442109,91.89948673422738,88.34162206457977,1544.581,86.08,1.32,0.87
2024-03-01,92.13972650759763,92.9705131872136,92.74738048911406,91.14796613274518,91.53498427034036,783.0,91.93072808838907,94.54215456079136,92.87474666043346,94.03516715082164,94.43388796412262,91.28122649936756,99.3472247782066,97.55692684326183,94.51329260707098,91.13446329100974,93.36821545382702,91.52467022772015,1330.76,88.8,1.23,0.78
2024-04-01,94.24683464570757,94.92463302519424,94.78406099039832,93.2515382645354,93.82791761816424,783.0,94.16188798550006,95.65435743721558,95.05984756808324,95.6167495553686,95.78270412091624,93.24300757793308,99.61869893624778,98.35255704935076,95.86681798611464,93.14593490664353,94.78062433517489,93.82212932530959,1330.205,93.12,1.28,0.83
2024-05-01,96.26267865930753,96.77698865122066,96.69097659533531,95.1989579822741,95.97182142347842,783.0,96.16261478142388,97.1155659528786,97.04323354757224,96.95579905768297,97.15268489167804,95.46675564830038,99.83645934702946,98.86684101291516,97.26600614130837,95.28433217981068,96.52943965714637,95.97319092625324,1483.482,84.01,1.25,0.8
2024-06-01,98.48672969159503,98.59663778807962,98.68084524295814,97.9747471577228,98.41840949939584,783.0,98.0184289531198,98.45813134110074,99.13766383811654,98.36418611342089,98.53393622632971,97.7586476032584,99.92602244012632,99.66222348177762,98.74496356155645,97.81316862327041,98.2668602226281,98.41779568491697,1470.691,83.64,1.28,0.83
2024-07-01,100.72791983903396,100.56081027609602,100.81224104353721,100.43045848895433,100.85133911120909,783.0,100.57473010099554,100.24049771590128,101.0087737548952,100.15022589346133,100.3775984589647,100.1778774307184,100.03843206749671,100.46293559720179,99.90405988326832,100.23955872137451,100.30132717474733,100.85230670828497,1611.71,87.28,1.31,0.86
2024-08-01,102.95987446732975,102.8455181198186,103.10091699848523,103.0495276491649,103.24146831845323,783.0,103.19973244749224,101.91448966931614,102.91173665270728,101.98946257947871,102.09908182893896,102.86536245687982,100.13209973365772,101.01695551461776,101.32388952627667,102.8736352948329,102.08019068318059,103.24632238624534,1596.64,82.88,1.35,0.9
2024-09-01,105.5539153272301,105.07432347944442,105.26485398601227,106.76619313078577,105.96532290285808,783.0,105.9515539357018,103.73336893952686,105.2941161230788,104.47775984236256,103.98313061557005,105.80134975783659,100.35721340866908,101.89715562812974,103.5403659063944,106.22688240350347,104.73250164715806,105.97132684660426,1601.53,76.05,1.32,0.87
2024-10-01,108.34013341317316,107.35610348418996,107.5151211523296,110.36227428005844,109.07808142892328,783.0,108.22537237312213,105.59480673273308,107.24432154535468,106.44591128507113,105.88853090652421,108.9667742538674,100.69018927076641,102.81615212623949,105.91305404676528,109.91475269640154,107.211691250748,109.08278714377653,1670.47,76.69,1.33,0.88
2024-11-01,111.19825429136465,109.41343313920618,109.48637868782107,113.96941354001196,112.33200953637859,783.0,110.58635886615788,107.67681046531376,109.27524727118416,108.16725898021409,107.84915900621452,111.871385338482,100.85700933889497,103.5117988908406,108.01116630883143,113.02335456436134,109.25022758492953,112.32906984948335,1663.896,75.44,1.49,1.04
2024-12-01,113.90878284188666,111.7937333333061,111.93835126294938,115.90044243291256,115.32389521249738,783.0,113.13675922982974,109.68260359948661,111.543111942018,109.85610874511498,109.89044433556386,114.64016862718178,101.00458663628878,104.22889379622453,110.12874649139532,115.40186662898473,111.55274055251223,115.31638013305394,1535.82,74.72,1.48,1.03
2025-01-01,110.68,110.7,110.9,111.47,110.33,783.0,114.79889999999999,112.734,107.61460000000001,111.482,109.417,112.7659,107.5387,106.8527,104.88039999999998,114.13850000000001,112.04020000000001,110.64000000000003,1478.22,80.76,1.54,1.09
2025-02-01,112.93922999999997,113.11637800000001,113.66144700000001,113.37547,112.176425,783.0,118.186333,106.90465,110.520791,114.876799,111.095596,115.22306200000001,111.73923500000001,108.338622,108.422496,117.59287400000001,115.47352200000003,112.86744700000003,1492.491,77.08,1.47,1.02
2025-03-01,117.33999999999997,117.85,117.9,113.92,114.62,783.0,124.70000000000002,115.52,124.05,124.14,122.42,117.56,116.75,110.33,113.3,117.54000000000002,118.30000000000001,115.44000000000001,1536.82,74.44,1.4,0.95
2025-04-01,119.51999999999998,120.670503,119.474286,115.346526,116.97999999999999,783.0,126.886516,118.364496,129.433011,124.4,126.245677,119.349269,120.089814,110.52456800000002,125.851855,118.021536,125.39233700000001,115.34521300000003,1596.6891,69.07,1.49,1.04
2025-05-01,121.34999999999998,121.820202,120.788534,113.675094,119.53685599999999,783.0,127.048468,118.90637600000001,130.690768,125.42495200000002,127.422685,119.030955,122.01965299999999,110.909369,126.51242,123.44138700000002,126.46765000000002,117.30305800000001,1586.1524,65.9,1.45,1.0
2025-06-01,123.39073499999999,123.249483,123.75723,116.685185,123.42437,783.0,128.233809,119.18899499999999,131.639476,127.379024,127.556961,121.462103,125.34165400000002,111.36394699999998,126.144166,124.18546400000001,127.50853300000003,120.76950100000002,1529.7105,73.5,1.51,1.06
2025-07-01,125.84999999999997,124.63,124.96000000000001,118.48999999999998,127.27,783.0,129.07,120.14,130.13,127.59,129.85,121.91000000000001,127.84,112.26,126.61,126.55000000000001,130.25000000000003,125.32000000000001,1533.55,73.18,1.51,1.06
2025-08-01,126.78648999999997,126.12,126.74387600000001,120.01104000000001,129.366544,783.0,128.112198,122.665633,125.04933700000001,127.519841,135.314227,125.078488,125.826292,110.56415,123.147686,129.92093100000002,134.353983,126.05153700000002,1530.5703,70.55,1.43,0.98
2025-09-01,127.69999999999999,127.78,128.54,124.07,127.32999999999998,783.0,128.176272,123.365576,126.86939700000002,132.017509,137.800751,126.209985,126.388095,111.731672,126.439491,130.043288,134.51452400000002,126.24044600000002,1475.3473,70.2,1.39,0.94
2025-10-01,128.88999999999996,129.48,130.36,124.50000000000001,126.86,783.0,128.58,123.83,130.5,133.22,138.58,129.89,127.07,112.62999999999998,127.42,132.77000000000004,136.77000000000004,125.90000000000003,1421.7343,66.15,1.4,0.95
2025-11-01,130.466156,131.120365,132.027658,125.25,128.29,783.0,129.97,123.96000000000001,131.2,133.47,142.34,133.71,127.2288,114.41,127.45,135.63,139.01000000000002,126.92000000000002,1446.7421,65.22,1.44,0.99
2025-12-01,131.16659199999998,132.1,132.79,128.72,127.83,783.0,130.09,124.12,131.21,133.62,142.36,133.87,126.48000000000002,116.86000000000001,128.15,136.19,139.11,128.33000000000004,1435.7571,65.22,1.44,0.99
