date,exchange_rate,oil_price,domestic_production,crude_oil_export,All Items,All Items Less Farm Produce,All Items Less Farm Produce And Energy,Imported Food,Food,Alcoholic Beverage Tobacco And Kola,Clothing And Footwear,Housing Water Electricity Gas And Other  Fuel,Furnishings And Household Equipment Maintenance,Health,Transport,Communication,Recreation And Culture,Education,Restaurant And Hotels,Miscellaneous Goods And Services
2/1/2000,100.2,63.85,2.59,2.14,6.8042,7.1634,8.5224,22.8788,5.323,7.3052,13.869,5.5024,10.3458,13.3201,8.9416,9.2247,9.0143,7.0856,6.9803,6.072
3/1/2000,100.12,63.85,2.59,2.14,6.8774,7.2892,8.6276,22.8788,5.3572,7.4265,13.7952,5.6488,10.7347,13.2583,8.8861,9.2247,9.1836,7.0856,6.9803,6.1315
4/1/2000,99.87,63.85,2.59,2.14,7.0146,7.4265,8.6665,22.8788,5.4561,7.6095,13.9986,5.9005,10.7965,13.2514,8.9113,9.2247,9.0349,7.0856,6.9803,6.1796
5/1/2000,100.7,63.85,2.59,2.14,7.2343,7.7262,8.7649,22.8788,5.5838,7.9138,14.0418,6.3923,10.7256,13.9149,9.0879,9.2247,9.0783,7.0856,6.9803,6.4221
6/1/2000,101.7,63.85,2.59,2.14,7.5477,8.3027,8.8541,22.8788,5.681,8.4171,13.9529,7.4379,11.1443,13.5877,9.3073,9.2247,9.2133,7.0856,6.9803,6.3557
7/1/2000,103.5,63.85,2.59,2.14,7.5111,8.2341,8.9022,22.8788,5.6792,8.5933,14.1283,7.2412,11.1717,13.6312,9.3451,9.2247,9.1172,7.0856,6.9803,6.4861
8/1/2000,102.05,63.85,2.59,2.14,7.685,8.5864,9.0143,22.8788,5.7205,8.5544,14.2224,7.8314,10.9681,13.9378,9.6276,9.2247,9.6,7.0856,6.9803,6.5273
9/1/2000,101.75,63.85,2.59,2.14,7.7925,9.0051,9.0532,22.8788,5.6504,9.2728,14.2834,8.6162,10.8972,13.6518,9.6276,9.2247,9.3597,7.0856,6.9803,6.6028
10/1/2000,102,63.85,2.59,2.14,7.8383,9.1355,9.1241,22.8788,5.6558,8.8404,14.3622,8.7992,11.1054,13.4367,9.5898,9.2247,9.4787,7.0856,6.9803,6.5616
11/1/2000,102.1,63.85,2.59,2.14,7.7308,8.8587,9.147,22.8788,5.6522,9.1538,14.2351,8.2661,10.9201,13.8394,9.8622,9.2247,9.5954,7.0856,6.9803,6.5777
12/1/2000,109.55,63.85,2.59,2.14,7.7628,8.7855,9.3231,22.8788,5.7169,9.6549,14.5173,7.9504,11.039,13.8531,9.8748,9.2247,9.6572,7.0856,6.9803,6.747
1/1/2001,110.3,63.85,2.59,2.14,7.9069,8.8335,9.4215,22.8788,5.8806,9.68,14.4766,7.9275,11.0551,14.1528,10.2027,9.2247,9.6938,7.0856,6.9803,6.7493
2/1/2001,113.7,63.85,2.59,2.14,8.0694,8.9022,9.4284,22.8788,6.0605,9.783,14.0266,8.0831,10.8057,13.8966,10.4651,9.2247,10.0095,7.0856,6.9803,6.7355
3/1/2001,110.2,63.85,2.59,2.14,8.1288,8.7031,9.5794,22.8788,6.2296,9.9271,14.3266,7.5088,11.3365,13.3704,10.3288,9.2247,9.9843,7.0856,6.9803,6.6303
4/1/2001,113.7,63.85,2.59,2.14,8.6436,8.6299,9.6869,22.8788,6.9132,9.8928,14.4868,7.2526,11.5149,13.1073,9.8723,9.2247,9.8219,7.0856,6.9803,6.8225
5/1/2001,112.6,63.85,2.59,2.14,8.8953,8.6002,9.8379,22.8788,7.2694,10.7462,13.9046,7.065,11.4051,13.2308,9.4738,9.2247,10.0598,7.0856,6.9803,6.8728
6/1/2001,111.5,63.85,2.59,2.14,8.7603,7.9916,9.7784,22.8788,7.4115,11.007,13.3681,5.8066,11.5584,12.8396,9.0021,9.2247,10.586,7.0856,6.9803,8.2135
7/1/2001,111.2,63.85,2.59,2.14,8.9388,8.3302,9.982,22.8788,7.55,11.7506,13.7495,6.3237,11.0596,12.9151,9.5368,9.2247,10.2131,7.0856,6.9803,6.8751
8/1/2001,111.11,63.85,2.59,2.14,9.1218,8.5956,10.0369,22.8788,7.658,11.5172,14.7715,6.7653,11.3204,12.9586,9.2543,9.2247,11.1237,7.0856,6.9803,6.962
9/1/2001,110.11,63.85,2.59,2.14,9.2819,8.5155,9.8493,22.8788,7.8846,12.6131,13.4723,6.7447,11.0139,12.3912,9.4637,9.2247,11.4875,7.0856,6.9803,7.7468
10/1/2001,110.11,63.85,2.59,2.14,9.3552,8.877,9.95,22.8788,7.7515,11.881,13.4113,7.3006,11.1694,12.3614,10.1523,9.2247,10.8857,7.0856,6.9803,8.0762
11/1/2001,112.1,63.85,2.59,2.14,9.0783,8.7672,10.1468,22.8788,7.4313,12.2516,13.4317,6.978,10.8194,12.3958,10.8131,9.5336,11.277,6.5822,7.0032,8.1975
12/1/2001,112.95,63.85,2.59,2.14,9.044,8.7969,10.3023,22.8788,7.3701,12.771,15.5037,6.7996,11.5515,11.4554,11.1814,9.7327,11.0894,8.2684,7.3716,7.836
1/1/2002,113.7,63.85,2.59,2.14,9.3735,9.2659,10.1033,22.8788,7.6022,12.8922,13.663,7.9916,11.2152,12.7481,10.4777,10.0461,11.4806,11.4394,6.7698,7.5775
2/1/2002,115.2,63.85,2.59,2.14,9.5199,9.298,10.2474,22.8788,7.7443,12.8419,13.5003,7.852,11.5492,12.8648,10.3339,9.0966,10.9338,12.2219,7.82,8.3576
3/1/2002,115.6,63.85,2.59,2.14,9.5405,9.3163,10.3961,22.8788,7.7893,12.1578,14.3088,7.7674,10.8011,13.2949,9.6529,9.4215,10.6913,8.1037,7.5065,8.0739
4/1/2002,115.8,63.85,2.59,2.14,9.7464,9.4192,10.1742,22.8788,7.9386,12.3935,13.7596,8.2112,10.9773,11.8947,9.5621,10.538,10.3939,7.939,7.5065,8.019
5/1/2002,116.3,63.85,2.59,2.14,9.8013,9.362,10.2566,22.8788,8.0753,13.2514,13.9961,7.9504,11.0573,12.9563,9.6453,9.4421,11.1122,7.335,8.2341,7.852
6/1/2002,119.6,63.85,2.59,2.14,9.831,9.5634,10.3824,22.8788,8.1761,13.2743,12.9461,8.4057,10.9887,12.0892,9.9328,9.3872,9.8608,6.4404,7.7079,8.1563
7/1/2002,125.5,63.85,2.59,2.14,10.3298,9.4444,10.3778,22.8788,8.6905,12.6108,13.1749,8.003,11.3822,13.1919,10.624,9.4833,10.1696,6.4884,8.9822,7.9618
8/1/2002,125.5,63.85,2.59,2.14,10.2429,9.7304,10.7462,22.8788,8.4603,12.4301,14.1512,8.1632,11.6705,12.8053,10.8585,9.1149,10.8263,8.6688,7.7605,7.9001
9/1/2002,125.75,63.85,2.59,2.14,10.2062,9.8905,11.0528,22.8788,8.3344,13.2377,15.0283,8.1037,11.6591,14.5029,10.5508,9.8837,13.5214,11.0024,6.6005,9.3094
10/1/2002,126.25,63.85,2.59,2.14,9.8562,10.0164,10.7668,22.8788,7.8055,12.9723,14.4105,8.6139,11.6224,11.9633,10.2834,9.4101,14.0522,7.0924,6.4587,8.5887
11/1/2002,126.41,63.85,2.59,2.14,10.1834,10.4945,11.1923,22.8788,7.971,12.3454,14.6698,9.1378,12.5651,15.672,11.1814,10.7256,12.8876,7.7605,7.5798,11.0184
12/1/2002,126.4,63.85,2.59,2.14,10.1445,10.6455,11.8489,22.8788,8.0429,11.2312,15.5266,8.6894,12.954,16.1364,11.6858,9.9614,12.9334,13.0135,7.9595,10.975
1/1/2003,126.77,63.85,2.59,2.14,10.3664,10.7531,11.4714,22.8788,8.1761,12.8831,15.5266,9.2819,12.7618,15.99,10.2128,9.7372,12.5307,12.5239,8.1677,11.897
2/1/2003,126.52,63.85,2.59,2.14,10.2131,10.6181,11.4852,22.8788,8.0124,12.62,14.8529,9.0554,11.9382,13.8669,10.7652,9.298,12.922,11.3136,7.82,11.0299
3/1/2003,126.87,63.85,2.59,2.14,10.101,10.7508,11.8352,22.8788,7.7965,13.6724,15.4478,8.877,12.1555,15.3471,10.9014,8.6322,12.9769,8.5452,8.6368,16.0632
4/1/2003,127.1,63.85,2.59,2.14,10.5517,11.0139,11.9656,22.8788,8.203,13.2766,15.6792,9.4146,12.3958,14.9307,12.3896,9.3872,13.7914,8.472,8.4354,12.4392
5/1/2003,127.32,63.85,2.59,2.14,10.6524,11.0093,11.8421,22.8788,8.3416,13.7387,15.3995,9.4375,12.1143,13.5443,13.1538,9.6183,13.9835,9.4329,8.2478,12.0251
6/1/2003,127.42,63.85,2.59,2.14,11.2061,11.6888,12.2173,22.8788,8.6851,13.8165,15.8851,10.4007,12.5834,14.5784,13.2345,9.4993,14.7088,10.0713,8.8084,12.7481
7/1/2003,127.23,63.85,2.59,2.14,11.6659,13.3384,12.6589,22.8788,8.7013,14.297,16.0249,12.1441,13.0364,17.1248,13.4237,9.8859,14.7065,9.767,9.8905,12.2081
8/1/2003,127.8,63.85,2.59,2.14,11.5172,12.7344,12.8991,22.8788,8.5376,14.4571,16.6834,11.6728,12.8556,14.782,13.4868,9.7441,14.5143,12.5262,9.2819,12.5856
9/1/2003,127.86,63.85,2.59,2.14,12.0823,13.4756,13.5328,22.8788,8.8542,14.464,18.4987,13.0432,13.137,16.9692,14.2964,9.7029,15.5256,13.6381,9.8676,13.7593
10/1/2003,132.02,63.85,2.59,2.14,12.183,14.0956,13.7616,22.8788,8.8363,14.8209,19.8335,13.0936,13.4962,16.5162,15.2221,10.0827,20.3988,11.1283,9.298,12.8922
11/1/2003,137.7,63.85,2.59,2.14,12.35,14.2398,14.3084,22.8788,8.9568,14.7431,19.8488,13.0181,13.979,17.4543,15.8123,10.284,20.6687,13.0524,9.147,15.4844
12/1/2003,136.5,63.85,2.59,2.14,12.5582,14.3496,14.8186,22.8788,9.2842,14.5784,20.5556,12.9357,13.6998,18.2733,15.1742,10.0301,20.774,13.8691,9.2934,17.1179
1/1/2004,134.8,63.85,2.59,2.14,12.6886,14.8392,14.496,22.8788,9.1493,14.8255,20.97,13.1553,13.3063,17.1317,16.4606,10.0484,20.8929,14.8095,9.8242,16.6077
2/1/2004,134.5,63.85,2.59,2.14,12.7504,14.9788,14.5189,22.8788,9.178,15.02,21.3335,13.3978,13.2446,20.488,15.883,10.0575,20.3164,13.3795,9.7784,17.5984
3/1/2004,133.35,63.85,2.59,2.14,12.3683,14.2604,15.0909,22.8788,9.0125,15.0062,20.8937,12.8488,13.7113,20.3828,16.9575,10.0713,20.7008,13.6495,9.751,16.8342
4/1/2004,132.8,63.85,2.59,2.14,12.4026,13.4916,13.8074,22.8788,9.3831,14.9262,16.6122,12.4713,13.0547,16.7954,16.3698,10.069,15.855,12.3614,9.4146,14.7225
5/1/2004,131.75,63.85,2.59,2.14,12.7595,13.59,13.9172,22.8788,9.8472,15.322,16.686,12.0274,13.2102,16.1387,15.439,11.3113,15.9969,12.5834,9.2408,14.7019
6/1/2004,132.25,63.85,2.59,2.14,12.7847,13.407,13.995,22.8788,9.948,15.1915,16.7978,12.4346,13.3246,15.1138,15.5576,12.0183,16.0289,12.1349,9.7349,14.2078
7/1/2004,132.32,63.85,2.59,2.14,12.9105,14.1162,14.0156,22.8788,9.7663,14.9879,17.2682,13.0661,14.1368,15.8642,15.3911,17.3399,15.5576,11.4806,9.6594,15.1618
8/1/2004,132.33,63.85,2.59,2.14,13.0158,13.8875,14.361,22.8788,9.9318,16.6993,17.6546,13.0364,13.9446,15.9237,15.8426,20.5932,16.1433,12.0137,9.4078,14.7774
9/1/2004,132.37,63.85,2.59,2.14,13.1851,13.9561,14.4251,22.8788,10.1441,15.6262,17.5021,13.4871,13.7456,15.4432,15.1868,22.4144,16.0747,12.6223,9.8196,15.1069
10/1/2004,132.4,63.85,2.59,2.14,13.4894,14.5715,14.6356,22.8788,10.1944,16.4682,17.6826,14.3244,14.1437,15.855,15.2171,23.1694,16.2234,12.6108,9.7784,15.656
11/1/2004,132.37,63.85,2.59,2.14,13.59,14.6996,14.9696,22.8788,10.306,15.871,18.2038,14.7363,13.9835,15.8665,15.4517,23.1808,16.0358,13.455,9.9614,15.37
12/1/2004,132.35,63.85,2.59,2.14,13.8165,15.1938,14.5532,22.8788,10.4085,15.6995,17.1563,14.7614,13.908,15.0749,15.1868,23.1991,16.5963,11.9611,10.236,15.9694
1/1/2005,132.36,63.85,2.59,2.14,13.9378,15.1298,14.6745,22.8788,10.529,16.1868,17.8402,15.0062,14.0064,16.077,15.3835,22.3137,16.6787,13.224,10.6043,15.6514
2/1/2005,132.35,63.85,2.59,2.14,14.146,14.9147,14.9742,22.8788,10.8942,15.9305,18.0843,14.1117,14.4365,15.9237,15.5273,23.4897,16.1685,12.9952,10.7096,15.9443
3/1/2005,132.35,63.85,2.59,2.14,14.3816,14.7797,15.1893,22.8788,11.2666,16.2829,18.125,14.4503,14.6104,16.0403,14.9699,22.8377,16.3767,12.7023,10.9041,15.6423
4/1/2005,132.33,63.85,2.59,2.14,14.6287,15.3563,15.7727,22.8788,11.2864,16.3218,18.3284,15.0794,14.663,16.7061,16.2008,23.0184,16.6787,13.4276,11.2976,16.2783
5/1/2005,132.33,63.85,2.59,2.14,14.9056,15.8413,16.0381,22.8788,11.3979,16.8365,18.5013,15.473,15.3837,17.1683,16.3319,23.0184,17.0516,13.9446,11.1877,15.8527
6/1/2005,132.37,63.85,2.59,2.14,15.1595,15.5828,16.4842,22.8788,11.7433,16.4636,18.9208,14.885,15.2922,16.7679,16.9978,23.4531,17.1729,14.0911,11.5401,16.7313
7/1/2005,132.36,63.85,2.59,2.14,16.2852,15.6331,16.3858,22.8788,13.249,16.8709,18.9691,15.0817,15.8596,17.2209,17.409,23.4417,16.2783,13.4367,10.9773,16.2302
8/1/2005,129.07,63.85,2.59,2.14,16.6878,15.5736,16.244,22.8788,13.7563,16.9166,18.753,14.7408,16.1776,17.2117,16.8818,22.9017,16.5826,13.8463,11.3227,16.6215
9/1/2005,129,63.85,2.59,2.14,16.3904,15.9946,16.546,22.8788,13.1321,17.3765,17.9546,15.1183,15.4135,17.516,16.5362,21.4306,17.1797,14.2352,11.0894,17.1706
10/1/2005,129.53,63.85,2.59,2.14,15.9992,15.9488,16.5917,22.8788,12.6985,17.3216,18.5318,15.3014,15.7178,17.3147,17.5855,20.6367,16.8434,13.8211,11.5675,16.3538
11/1/2005,129.01,63.85,2.59,2.14,15.6468,15.7017,16.1158,22.8788,12.3369,17.365,18.5979,14.8095,15.4409,18.0857,17.0533,21.7074,16.4453,13.3681,11.4692,17.4909
12/1/2005,129,63.85,2.59,2.14,15.4135,15.5553,15.8825,22.8788,12.0239,17.7036,17.3953,14.9239,15.7178,18.7515,17.0811,21.3528,16.7176,14.3473,10.0575,17.3216
1/1/2006,130.29,63.85,2.59,2.14,15.4295,15.775,16.3881,22.8788,12.0779,18.2253,17.769,14.8575,15.5873,18.6028,18.5692,18.7217,17.2369,14.6791,10.0621,17.5687
2/1/2006,129.28,61.33,2.47,2.02,15.6789,16.5711,16.7565,22.8788,12.0383,17.8569,18.7403,16.8159,15.8344,19.9732,17.2728,21.5816,15.9694,13.5214,10.2955,16.6764
3/1/2006,128.52,65,2.25,1.8,16.1136,17.1912,16.9944,22.8788,12.31,17.8203,18.3792,17.587,15.7178,20.0533,17.6763,21.6319,16.1387,13.5008,10.808,15.3197
4/1/2006,128.45,72.09,2.32,1.87,16.4659,17.9073,17.5801,22.8788,12.3747,17.9416,19.1038,18.056,15.8756,19.2319,18.0042,21.4741,16.4499,12.803,10.5792,15.9488
5/1/2006,128.46,71.18,2.28,1.83,16.4773,18.1406,18.1978,22.8788,12.3801,18.2299,18.6208,17.7219,15.8436,17.5,18.5087,20.8907,16.3584,13.2949,10.4488,16.1662
6/1/2006,128.44,69.32,2.41,1.96,16.4453,17.7059,18.7904,22.8788,12.4755,18.255,19.175,18.1932,16.1593,17.6144,18.4305,21.1561,16.8777,13.4047,10.6501,17.3399
7/1/2006,128.36,75.13,2.39,1.94,16.7725,17.7585,18.8773,22.8788,12.7597,19.1656,20.3776,17.7769,15.8893,16.578,18.2237,21.5427,18.3557,13.3155,12.0274,16.7038
8/1/2006,128.29,75.15,2.4,1.95,17.3124,17.8295,18.1749,22.8788,13.4433,19.7238,20.3623,17.818,16.1158,19.1542,18.5137,21.5244,18.7286,14.5647,12.5948,18.0445
9/1/2006,128.27,62.97,2.4,1.95,17.4154,17.6876,18.3671,22.8788,13.6915,20.1883,20.703,17.7883,16.3812,19.5271,19.5227,21.6548,19.3257,15.5576,12.7504,17.4634
10/1/2006,128.31,59.49,2.38,1.93,16.9807,17.3856,18.7584,22.8788,13.2958,19.8291,21.9437,17.4314,16.0609,20.5132,19.5781,21.4512,22.2382,16.1776,14.3016,17.3879
11/1/2006,128.27,59.81,2.34,1.89,16.8594,17.6053,19.0604,22.8788,13.0025,20.5955,21.3793,17.4794,16.6146,20.4033,19.8758,21.8035,20.7236,15.4272,13.8394,18.1521
12/1/2006,128.27,64.7,2.36,1.91,16.7313,18.2436,19.4722,22.8788,12.4898,20.8792,22.4903,17.6464,17.3307,20.6115,21.1546,21.5198,19.8314,14.6058,15.1481,18.406
1/1/2007,128.28,55.57,2.32,1.87,16.6604,18.827,18.5433,22.8788,12.0617,21.3917,21.5446,18.1315,17.2163,20.1379,22.1509,21.7463,19.9847,15.6857,14.5509,19.1061
2/1/2007,128.28,59.97,2.31,1.86,16.7885,18.3969,18.2596,22.8788,12.4377,21.5976,21.8064,17.6876,16.6832,19.868,22.61,22.0071,19.6621,15.6857,15.3014,16.5826
3/1/2007,128.06,64.28,2.14,1.69,16.9578,18.7172,18.7332,22.8788,12.5204,22.4647,21.7149,18.5936,17.6876,19.2594,21.2303,21.3528,18.9643,15.9603,14.6745,19.9252
4/1/2007,127.87,70.46,2.16,1.71,17.1614,18.8705,18.7217,22.8788,12.6302,21.7623,22.1776,18.7721,17.5801,18.676,21.2958,21.6113,19.0054,16.3172,14.9948,20.3942
5/1/2007,127.49,70.4,1.96,1.51,17.2415,18.9826,18.692,22.8788,12.6733,21.6594,21.2929,19.248,18.0194,18.104,22.7285,21.7372,19.4035,15.8527,15.4478,19.9641
6/1/2007,127.3105,73.28,2.08,1.63,17.5046,19.4127,18.7332,22.8788,12.8748,21.5816,20.8403,19.5339,17.2346,18.4106,23.4928,21.5084,20.2112,15.8344,16.9418,18.2916
7/1/2007,127.1186,79.76,2.17,1.72,17.5847,19.5225,18.7972,22.8788,12.9036,21.4146,21.3615,19.9938,17.516,18.271,22.3729,21.5427,20.1974,16.761,17.3376,18.541
8/1/2007,126.1995,73.76,2.2,1.75,18.0422,19.8314,19.1953,22.8788,13.285,22.1627,21.3895,20.3324,17.7677,20.2615,22.4914,21.5908,20.3622,16.4728,16.7702,18.827
9/1/2007,125.644,79.76,2.31,1.86,18.1315,19.5408,19.0398,22.8788,13.5836,22.2794,21.5496,20.0304,17.6442,19.3898,23.0388,20.6184,20.0327,15.37,16.5734,19.5111
10/1/2007,123.0988,83.86,2.32,1.87,17.754,19.2434,18.5845,22.8788,13.285,21.7601,22.0836,19.5957,17.8226,20.4926,22.0626,18.5959,20.2066,17.3399,17.4268,18.7652
11/1/2007,118.8568,95.05,2.25,1.8,17.7311,18.9002,18.2344,22.8788,13.4163,21.696,21.9691,19.0581,18.2733,19.431,22.5444,21.6136,20.2249,17.5618,17.7128,18.0194
12/1/2007,117.968,93.4,2.2,1.75,17.8295,18.9048,18.2024,22.8788,13.517,21.5885,21.9895,19.1359,17.7997,19.2754,22.6377,21.6457,19.7582,16.9738,18.1795,18.4747
1/1/2008,117.98,94.26,2.17,1.72,18.088,19.3052,18.8087,22.8788,13.5872,22.1261,21.9412,19.3578,17.8958,19.1862,21.8255,19.0192,20.3141,17.2232,17.5938,18.7835
2/1/2008,117.95,98.15,2.08,1.63,18.1361,19.5706,19.4287,22.8788,13.5188,21.9042,22.0073,19.4996,17.9553,19.0741,22.2871,18.9643,19.916,17.2644,17.9416,18.724
3/1/2008,117.9,103.73,2.06,1.61,18.2779,18.8156,18.4792,22.8788,14.0747,22.4487,21.6386,19.0466,18.4106,19.6941,21.2832,18.7355,20.186,17.1202,18.223,18.1589
4/1/2008,117.87,116.73,1.96,1.51,18.5616,19.097,18.9917,22.8788,14.2888,22.3572,22.7242,19.2983,18.6646,20.4651,22.3476,21.4924,20.1105,16.8525,18.9345,18.4175
5/1/2008,117.83,126.57,2.05,1.6,18.9139,19.6117,19.3898,22.8788,14.5316,22.8148,23.0675,19.5774,19.1519,20.7145,22.1786,22.3183,20.3713,17.1317,21.0325,19.7604
6/1/2008,117.8,138.74,2.02,1.57,19.6117,20.1036,20.2226,22.8788,15.2008,22.737,23.5861,20.2226,19.7536,20.9616,22.2644,22.0712,20.3004,17.937,21.5839,19.765
7/1/2008,117.76,137.74,2.13,1.68,20.0373,20.4514,20.0419,22.8788,15.5984,22.9315,23.9421,20.774,20.0853,21.3871,22.615,22.2565,20.7969,18.5021,21.5747,20.7648
8/1/2008,117.73,115.84,2.11,1.66,20.2706,20.5978,20.4628,22.8788,15.7801,22.9498,24.3209,21.1675,20.0053,21.1446,22.3527,22.2588,21.1469,19.1496,22.3732,20.1357
9/1/2008,117.73,103.82,2.17,1.72,20.4949,20.8907,20.6253,22.8788,15.9114,22.6981,24.2828,21.529,19.9869,21.1217,22.2694,22.3595,21.1675,19.01,22.2062,20.3416
10/1/2008,117.74,75.31,2.26,1.81,20.3713,20.7671,20.7053,22.8788,15.834,22.3755,24.3997,21.3437,20.1379,21.3345,22.393,22.2588,21.2659,19.3692,22.3389,20.6985
11/1/2008,117.79,55.51,2.14,1.69,20.3599,20.6664,20.6138,22.8788,15.852,22.3389,24.3768,21.0508,19.9389,21.5473,22.4914,22.2199,21.4832,19.431,22.4098,20.838
12/1/2008,132.56,45.87,2.04,1.59,20.5132,20.8746,20.9845,22.8788,15.9456,22.3069,24.6463,21.3826,19.9206,21.9751,22.9177,22.2153,21.3986,20.0396,22.7713,21.2544
1/1/2009,145.96,44.95,2.03,1.58,20.6367,20.8426,21.1858,22.8788,16.1003,22.3297,24.6616,21.1172,19.9732,22.2153,23.0034,22.2153,21.4375,20.202,22.7416,21.4832
2/1/2009,147.31,46.52,2.06,1.61,20.774,20.9799,21.1858,22.8788,16.2262,22.5356,24.6616,21.1858,19.9961,22.5585,22.7512,22.2153,21.2316,20.1563,22.9703,21.529
3/1/2009,147.16,49.7,2.07,1.62,20.9113,21.0485,21.3002,22.8788,16.3521,22.5356,24.687,21.1858,20.1105,22.65,22.953,22.2153,21.2087,20.5681,22.9246,21.712
4/1/2009,147.36,51.16,1.86,1.41,21.0256,21.1629,21.529,22.8788,16.478,22.6729,24.7887,21.2544,20.4994,23.1305,23.8106,22.2153,21.3688,20.4308,23.1763,21.8264
5/1/2009,148.17,60.02,2.22,1.77,21.4146,21.5519,21.8264,22.8788,16.8198,22.7644,24.5853,21.5747,20.3164,22.6958,24.2141,22.2153,21.6434,21.1172,22.9246,21.6205
6/1/2009,148.22,72.24,2.17,1.72,21.8035,21.8035,22.101,22.8788,17.1976,22.8102,24.687,22.0323,20.4994,22.9017,23.7097,22.2153,21.7349,21.1858,23.1305,22.3755
7/1/2009,151.25,66.52,2.14,1.69,22.2611,22.1467,22.5128,22.8788,17.6113,23.1991,24.8904,22.4899,22.7187,23.2678,23.3313,22.7416,22.1467,21.4832,22.6272,22.6043
8/1/2009,152.42,74,2.12,1.67,22.5128,22.2611,22.3526,22.8788,17.7912,22.9246,25.1955,22.5128,22.9246,23.2907,23.4827,23.222,22.4441,22.7416,23.1534,22.8788
9/1/2009,148.79,70.22,2.18,1.73,22.6272,22.4441,22.5356,22.8788,17.8992,22.7187,25.1955,22.5814,22.5814,23.2449,23.9367,23.1534,22.3297,22.7873,22.856,22.9017
10/1/2009,150.63,78.25,2.28,1.83,22.7416,22.6272,22.6729,22.8788,17.9711,22.8102,25.3226,22.7644,22.6729,23.405,24.2141,22.9703,22.3069,22.3526,22.65,22.8102
11/1/2009,149.79,78.11,2.15,1.7,22.8788,22.8788,22.8788,22.8788,17.9891,22.8788,25.4243,22.8788,22.8788,22.8788,25.2231,22.8788,22.8788,22.8788,22.8788,22.8788
12/1/2009,149.58,75.11,2.05,1.6,23.3822,23.222,23.3135,23.222,18.4209,23.3135,25.8057,22.9246,23.2678,23.2907,25.6771,22.8788,23.3135,23.222,23.4737,23.2678
1/1/2010,150.32,77.62,2.33,1.88,23.5881,23.3593,23.4737,23.2678,18.6547,23.405,26.0345,23.0161,23.5652,23.5652,25.9798,22.7873,23.5652,23.5881,24.4117,23.6338
2/1/2010,150.1,75.06,2.39,1.94,24.0228,23.9084,24.0228,23.611,18.8526,23.4737,26.2887,23.405,23.9541,23.9999,26.4086,22.9475,22.7416,24.2516,24.3202,24.2287
3/1/2010,149.78,80.27,2.44,1.99,23.9999,23.8169,23.9313,23.5652,18.9425,23.8626,26.5684,23.3822,24.1829,24.0914,26.4338,23.0161,23.6338,24.1372,24.16,23.8855
4/1/2010,150.1,85.29,2.41,1.96,24.1829,23.8855,24.0457,23.7711,19.1764,23.977,26.7209,23.3822,23.7482,23.9999,26.9382,22.9703,23.5881,24.16,25.0981,24.2973
5/1/2010,150.27,77.54,2.41,1.96,24.1829,24.0685,24.366,23.9999,19.0145,23.7482,26.9243,23.3593,23.4737,23.977,26.8121,22.9246,23.6338,24.8464,25.1896,24.5261
6/1/2010,149.99,75.79,2.21,1.76,24.8922,24.5719,24.8464,25.0752,19.788,24.8235,27.7379,23.977,25.3269,24.8235,27.0896,23.3593,23.4737,24.3888,24.4575,25.0752
7/1/2010,150.09,77.18,2.48,2.03,25.1438,24.6405,24.8922,25.0066,20.0759,25.0752,28.043,24.0457,24.9379,25.2354,27.1148,23.4737,23.5652,24.1829,24.0228,25.3269
8/1/2010,150.78,78.67,2.5,2.05,25.6014,25.0066,25.2582,25.0066,20.4716,25.6929,28.6786,24.2973,25.2354,25.6929,27.3923,23.0161,24.0228,24.2516,24.549,25.4413
9/1/2010,151.35,79.45,2.48,2.03,25.7158,25.3269,25.5557,25.9904,20.5076,24.9379,28.5769,25.1438,25.6472,25.6243,28.3003,23.2907,24.8007,24.8007,24.5032,25.5557
10/1/2010,149.99,84.42,2.88,2.43,25.7844,25.6014,25.6243,26.1047,20.5076,25.5557,28.6786,25.3955,25.8988,26.2649,27.0139,23.5423,25.0752,25.1896,24.8235,25.304
11/1/2010,150.24,86.71,2.5,2.05,25.8073,25.5557,25.4641,26.3335,20.5796,25.67,28.4752,25.7616,25.876,25.4184,28.1742,23.3364,24.6634,24.6405,24.7549,25.8073
12/1/2010,150.66,92.79,2.58,2.13,26.1276,25.7616,25.7387,26.4022,20.7594,25.6014,28.9074,25.8988,25.8988,25.7844,28.4768,23.4279,24.6634,24.9608,25.0752,25.6472
1/1/2011,151.85,97.96,2.49,2.04,26.4456,26.1986,25.8554,21.9728,20.567,25.3131,29.0854,26.0498,25.9789,25.4756,27.5512,23.707,24.7892,25.217,25.2765,25.8874
2/1/2011,152.07,106.57,2.51,2.06,26.6996,26.4251,26.4251,28.3698,21.1732,25.9446,29.4922,26.242,26.4479,26.242,29.5614,23.9999,24.3202,25.304,25.6861,26.1231
3/1/2011,153.04,116.56,2.29,1.84,27.0657,26.8826,26.8826,27.3173,21.2452,25.7844,29.6193,26.5394,26.5166,26.8826,29.1326,24.0457,24.5719,25.3955,25.6769,25.8005
4/1/2011,154.45,124.49,2.42,1.97,26.9284,26.9741,26.9741,27.2487,21.4071,26.1963,29.543,27.6834,26.4022,26.814,28.9561,24.0457,24.5032,25.487,25.9332,26.2489
5/1/2011,155.13,118.43,2.5,2.05,27.1572,27.2029,27.2258,27.5919,21.3171,26.3335,30.0515,27.7291,26.6767,26.6767,29.1831,24.1829,24.5719,25.6014,26.0292,26.4456
6/1/2011,153.31,117.03,2.34,1.89,27.4317,27.4088,27.4088,25.6014,21.6049,26.1276,30.0007,27.8207,26.6081,27.4317,29.8893,24.16,24.6863,25.67,26.1436,26.981
7/1/2011,151.96,117.86,2.34,1.89,27.5232,27.4775,27.4317,25.7616,21.6589,25.7158,29.9244,28.0266,26.9055,27.0657,30.4442,24.2973,25.4184,25.7616,26.3175,27.4157
8/1/2011,153.92,111.99,2.41,1.96,27.9808,27.7291,27.7063,26.5394,22.2525,26.631,30.1787,28.4841,27.4546,27.5461,30.7469,24.3431,25.0523,25.8302,26.3335,27.7955
9/1/2011,156.15,115.73,2.32,1.87,28.3698,28.2554,28.0723,26.9055,22.4504,26.5852,30.4837,28.8502,27.2716,27.9808,30.8478,24.2973,25.121,26.0361,26.4685,27.8115
10/1/2011,151.75,113.12,2.36,1.91,28.507,28.5528,28.3698,26.7682,22.4864,26.9055,30.6617,29.3993,27.3402,27.8664,30.8226,24.3888,26.7682,26.0819,26.679,27.9053
11/1/2011,157.87,113.92,2.32,1.87,28.5299,28.507,28.2554,28.4155,22.5584,27.2029,30.9922,29.3078,27.5004,28.0723,31.1,24.5032,26.4708,26.1276,26.7339,28.7084
12/1/2011,158.27,111.46,2.27,1.82,28.8273,28.5528,28.2782,28.6672,23.0441,27.2258,31.0939,30.1772,27.4317,28.0952,32.4621,24.366,25.9217,26.2191,27.1938,28.0632
1/1/2012,158.62,113.81,2.23,1.78,29.7882,29.5366,29.5595,27.8207,23.2599,28.1867,30.7888,30.1543,27.5919,28.0723,32.2351,24.8693,26.1963,26.3107,27.4546,28.8044
2/1/2012,157.46,121.87,2.4,1.95,29.8569,29.5823,29.6052,27.8207,23.224,28.1867,30.7888,30.1543,27.5919,28.0723,32.2603,24.8693,26.1963,26.3335,27.4546,28.8044
3/1/2012,157.57,128,2.34,1.89,30.3373,30.9093,30.772,29.7196,23.7636,27.5919,33.9923,31.9617,29.7882,29.6738,33.8998,25.9446,26.6996,28.7358,27.7749,30.1085
4/1/2012,157.26,122.62,2.3,1.85,30.3831,30.9322,30.8178,30.0399,23.7996,27.752,34.094,31.916,29.9026,29.7654,33.9502,26.0819,26.9055,28.5985,27.8893,30.2001
5/1/2012,157.31,113.08,2.4,1.95,30.6119,31.2754,31.1838,30.3145,24.0874,27.9122,34.2465,31.9617,29.9941,29.9255,34.0764,26.1734,27.0885,28.7129,28.0494,30.3373
6/1/2012,157.5,98.06,2.37,1.92,30.9551,31.5728,31.161,30.3373,24.1954,28.0266,34.272,33.5175,30.0399,29.9941,34.1773,26.2649,27.1114,28.7587,28.1638,30.406
7/1/2012,157.4,104.62,2.42,1.97,31.0466,31.5957,31.2296,30.406,24.2853,28.0952,34.2974,33.5632,30.0399,30.0399,34.2529,26.2878,27.2029,28.8044,28.2325,30.4517
8/1/2012,157.36,113.76,2.48,2.03,31.2525,31.8016,31.3669,30.7034,24.4472,28.2096,34.4754,33.8149,30.2001,30.2001,34.4547,26.3564,27.3173,28.9188,28.4613,30.589
9/1/2012,157.34,114.36,2.45,2,31.5728,31.9617,31.5042,30.7034,24.735,28.324,34.7042,34.3411,30.406,30.2916,34.6313,26.4479,27.5919,28.9875,28.5985,30.7492
10/1/2012,157.27,108.92,2.19,1.74,31.8473,32.099,31.5957,30.9551,24.9689,28.4841,34.9584,34.6614,30.5432,30.4517,34.9339,26.5394,27.7749,29.3078,28.6901,30.9551
11/1/2012,157.32,111.05,2.03,1.58,32.0304,32.2363,31.7329,31.161,25.1488,28.6672,35.1364,34.8445,30.6805,30.5432,35.0348,26.5852,27.8664,29.4679,28.7587,31.0237
12/1/2012,157.33,114.49,2.21,1.76,32.282,32.4422,31.9388,31.4813,25.4006,28.8502,35.3652,35.0504,30.7492,30.6348,35.3627,26.6081,27.9351,29.5366,28.8502,31.1152
1/1/2013,157.3,115.24,2.23,1.78,32.4651,32.8998,32.099,31.7329,25.5985,29.079,35.6195,35.1876,30.9779,30.7263,35.4636,26.631,27.9579,29.5823,28.9188,31.1838
2/1/2013,157.31,118.81,2.23,1.78,32.7167,32.8998,32.1448,31.8245,25.7784,29.3078,35.9245,35.5079,31.2067,31.0008,35.7915,26.7454,28.2096,29.7882,29.1705,31.4355
3/1/2013,157.31,112.79,2.2,1.75,32.9455,33.1285,32.6939,31.8702,26.0123,29.4451,36.0517,35.6681,31.3211,31.2067,35.9176,26.8369,28.3011,30.017,29.2163,31.7558
4/1/2013,157.31,105.55,2.24,1.79,33.1285,33.0599,32.5566,32.0075,26.1922,29.6052,36.3059,35.7596,31.4813,31.4126,36.1194,26.8597,28.4841,30.1314,29.3078,31.9617
5/1/2013,157.3,106,2.06,1.61,33.3573,33.2201,32.4651,32.0532,26.3361,29.7654,36.611,35.9655,31.8702,31.7101,36.4473,26.9741,28.7816,30.4746,29.5366,32.1676
6/1/2013,157.31,106.06,2.03,1.58,33.5404,33.2887,32.5337,32.3507,26.534,29.9026,36.7636,36.1486,32.0075,31.8931,36.5734,27.0199,28.896,30.4975,29.6738,32.282
7/1/2013,157.32,109.78,2.2,1.75,33.7234,33.6776,33.1972,32.5795,26.6959,30.0399,36.9161,36.3316,32.1219,32.0304,36.6996,27.1114,28.9646,30.5432,29.8111,32.3735
8/1/2013,157.32,107.84,2.29,1.84,33.8149,34.1123,33.4717,32.7625,26.8398,30.1085,36.9415,36.2629,32.1448,32.0304,36.7248,27.1343,28.9875,30.6119,29.8569,32.3964
9/1/2013,157.31,113.59,2.29,1.84,34.0666,34.3182,33.8149,33.0142,27.0556,30.2916,37.1958,36.4689,32.3278,32.2363,37.0022,27.2487,29.1705,30.8635,30.0857,32.6252
10/1/2013,157.36,112.29,2.23,1.78,34.3182,34.5242,33.9979,33.2887,27.2715,30.5204,37.5009,36.6748,32.5566,32.4879,37.2797,27.4546,29.3993,31.1152,30.3373,32.8998
11/1/2013,157.28,111.14,2.09,1.64,34.5722,34.7232,34.213,33.4809,27.4982,30.692,37.7983,36.8944,32.7533,32.6458,37.484,27.5576,29.5755,31.3348,30.5593,33.156
12/1/2013,157.26,112.75,2.11,1.66,34.8422,35.0046,34.5036,33.728,27.7482,30.8292,38.0729,37.1049,32.9753,32.8357,37.7312,27.6674,29.7608,31.5453,30.7537,33.3894
1/1/2014,157.31,110.19,2.29,1.84,35.0732,35.0732,34.4784,33.9522,27.9731,31.0008,38.3144,37.2239,33.1743,33.0142,37.9355,27.752,29.9713,31.6414,30.8635,33.5175
2/1/2014,157.31,110.83,2.28,1.83,35.2403,35.2471,34.7255,34.1169,28.144,31.1152,38.4797,37.3634,33.291,33.1743,38.0894,27.8138,30.1932,31.7261,30.9573,33.6044
3/1/2014,157.3,109.47,2.21,1.76,35.5148,35.3844,34.8994,34.3754,28.4264,31.2845,38.6322,37.5602,33.5106,33.3802,38.3416,27.9351,30.3762,31.8931,31.1495,33.7943
4/1/2014,157.29,110.41,2.22,1.77,35.7344,35.5354,35.0298,34.5699,28.6513,31.4607,38.8127,37.7295,33.6319,33.4763,38.4854,28.0472,30.5547,31.9983,31.3188,33.9476
5/1/2014,157.29,111.9,2.33,1.88,36.0136,35.7665,35.2357,34.8605,28.8833,31.6414,39.1687,37.9789,33.9156,33.7234,38.783,28.1616,30.7652,32.2248,31.5888,34.2222
6/1/2014,157.29,114.6,2.16,1.71,36.2904,36.0044,35.4599,35.103,29.1208,31.8771,39.4814,38.2831,34.1581,33.9568,39.0529,28.3034,30.9551,32.3347,31.8405,34.4715
7/1/2014,157.29,109.63,2.06,1.61,36.5261,36.0822,35.5423,35.2334,29.3421,32.0853,39.7001,38.4982,34.3915,34.1169,39.2067,28.3835,31.2319,32.4353,32.0143,34.6225
8/1/2014,157.29,102.33,2.2,1.75,36.7022,36.2424,35.7001,35.4347,29.504,32.25,39.8679,38.5989,34.5699,34.2999,39.411,28.4224,31.4355,32.6344,32.147,34.785
9/1/2014,157.31,98.27,2.1,1.65,36.9058,36.4757,35.9358,35.6841,29.682,32.433,40.0763,38.7545,34.8147,34.4441,39.5826,28.4979,31.543,32.9181,32.3278,34.9726
10/1/2014,157.32,83.5,2.21,1.76,37.0935,36.6839,36.1463,35.9083,29.8296,32.6275,40.3306,38.9077,35.0275,34.6431,39.7642,28.5779,31.6552,33.1766,32.568,35.1991
11/1/2014,166.65,80.42,2.18,1.73,37.3154,36.9036,36.3545,36.1486,30.0059,32.8082,40.628,39.077,35.2792,34.8673,39.9533,28.6672,31.7787,33.4031,32.7854,35.4393
12/1/2014,169.68,63.28,2.23,1.78,37.6128,37.1781,36.6519,36.4917,30.2937,33.1057,41.0094,39.3058,35.5766,35.119,40.2812,28.7129,31.9388,33.6319,33.0828,35.7367
1/1/2015,169.68,48.81,2.2,1.75,37.9262,37.4572,36.9287,36.7983,30.5545,33.3253,41.3552,39.5667,35.8946,35.4027,40.5511,28.745,32.1562,33.8858,33.3573,36.0021
2/1/2015,169.68,58.09,2.21,1.76,38.1848,37.7112,37.185,37.1346,30.7794,33.5701,41.6399,39.7932,36.1486,35.6589,40.7983,28.8411,32.3232,34.0986,33.5999,36.2424
3/1/2015,197,56.69,2.07,1.62,38.5325,38.0223,37.5053,37.4412,31.0924,33.8424,42.006,40.0631,36.4894,36.0044,41.1287,28.8891,32.4948,34.3823,33.8698,36.5741
4/1/2015,197,57.45,2.03,1.58,38.8254,38.2534,37.7272,37.7501,31.373,34.0666,42.2298,40.3125,36.6748,36.2172,41.4919,28.9417,32.6252,34.547,34.0666,36.7892
5/1/2015,197,65.08,2.05,1.6,39.1347,38.549,37.9995,38.107,31.6385,34.3283,42.5623,40.6035,36.91,36.4629,41.8284,29.0149,32.8224,34.8591,34.3118,37.0687
6/1/2015,196.95,62.06,1.97,1.52,39.444,38.8446,38.2717,38.4639,31.9041,34.59,42.8949,40.8945,37.1452,36.7086,42.1649,29.0881,33.0196,35.1712,34.5571,37.3483
7/1/2015,197,57.01,2.18,1.73,39.7533,39.1402,38.544,38.8208,32.1696,34.8518,43.2274,41.1856,37.3804,36.9543,42.5014,29.1614,33.2169,35.4832,34.8024,37.6279
8/1/2015,197,47.09,2.12,1.67,40.0627,39.4358,38.8162,39.1777,32.4351,35.1135,43.56,41.4766,37.6155,37.2001,42.8378,29.2346,33.4141,35.7953,35.0476,37.9075
9/1/2015,196.95,48.08,2.22,1.77,40.372,39.7314,39.0885,39.5346,32.7006,35.3753,43.8925,41.7676,37.8507,37.4458,43.1743,29.3078,33.6113,36.1074,35.2929,38.1871
10/1/2015,197,48.86,2.21,1.76,40.5413,39.8915,39.2441,39.7314,32.8499,35.5377,44.1137,41.8774,37.9194,37.551,43.4165,29.3741,33.7463,36.3705,35.4141,38.3198
11/1/2015,197,44.82,2.18,1.73,40.809,40.118,39.4477,40.0677,33.1108,35.7459,44.4188,42.0193,38.0315,37.6654,43.8856,29.4565,33.8973,36.5833,35.5629,38.5188
12/1/2015,197,37.8,2.08,1.63,41.2162,40.4292,39.7543,40.5138,33.4957,36.1051,45.0163,42.232,38.2511,37.9308,44.4052,29.5869,34.1901,36.78,35.9564,38.9604
1/1/2016,197,30.66,2.15,1.7,41.5731,40.7678,40.0791,40.9279,33.8052,36.4551,45.4104,42.4929,38.4639,38.2626,44.8643,29.7036,34.4075,37.2765,36.3522,39.3241
2/1/2016,197,31.7,2.11,1.66,42.5295,41.8751,40.7129,42.033,34.2711,36.9219,46.0561,45.3344,39.0359,38.7316,45.4898,29.9026,34.7003,38.2397,36.613,39.6993
3/1/2016,197,37.76,1.92,1.47,43.4469,42.6461,41.3649,43.1037,35.0608,37.5442,47.0604,46.444,39.8092,39.2143,46.5366,30.1085,35.0961,38.8254,36.812,40.3354
4/1/2016,197,41.59,1.99,1.54,44.1539,43.3668,41.7905,43.9159,35.5105,37.8645,47.6172,47.9723,40.2027,39.4889,47.2857,30.2618,35.4508,39.3607,36.9722,40.6694
5/1/2016,197,47.01,1.68,1.23,45.3687,44.5451,42.8429,45.2681,36.4208,38.83,48.7511,49.7432,41.2437,40.3628,48.5645,30.47,36.2332,40.4498,37.8118,41.9323
6/1/2016,283,48.46,1.77,1.32,46.1466,45.3619,43.543,46.2885,36.9479,39.5278,49.7808,51.0084,41.882,40.8913,49.6087,30.6553,36.43,41.0057,38.1802,42.335
7/1/2016,313,45.25,1.65,1.2,46.7254,45.9155,43.9182,46.8444,37.394,39.9739,50.3656,51.9029,42.0627,41.1407,50.2671,30.7789,36.6313,41.6967,38.4364,42.6507
8/1/2016,306,46.15,1.5,1.05,47.1967,46.3068,44.2499,47.3088,37.8311,40.3148,50.8893,52.3399,42.2961,41.3192,50.6555,30.8635,36.8166,42.383,38.5165,42.8292
9/1/2016,305.25,47.43,1.75,1.3,47.5788,46.7506,44.6069,47.7481,38.1369,40.6397,51.4283,52.7632,42.5615,41.5136,50.9783,30.9596,37.0134,43.0991,38.6149,43.0328
10/1/2016,305,50.94,1.78,1.33,47.9723,47.0984,44.9638,48.1554,38.4643,40.9325,51.9622,53.1567,42.8429,41.7447,51.3012,31.0557,37.2078,43.7786,38.727,43.2662
11/1/2016,305,45.25,1.92,1.47,48.3498,47.4347,45.3115,48.5626,38.8025,41.1727,52.4961,53.4564,43.1403,41.9712,51.6241,31.1106,37.4069,44.2454,38.8551,43.4835
12/1/2016,305,53.48,1.58,1.13,48.86,47.7275,45.5998,49.0591,39.3206,41.445,53.0453,53.7492,43.4606,42.2114,52.0982,31.1633,37.6425,44.7304,39.1594,43.8976
1/1/2017,305.25,55.01,1.84,1.39,49.3542,48.0524,45.9041,49.5029,39.8279,41.6784,53.508,54.049,43.8084,42.4746,52.5901,31.2136,37.8393,45.1148,39.3973,44.1905
2/1/2017,305.5,46.39,1.82,1.37,50.0932,48.5809,46.4006,50.203,40.6212,41.9529,54.0648,54.6003,44.2156,42.7971,53.1097,31.2891,38.1665,45.5518,39.6055,44.4055
3/1/2017,306.35,52.13,1.6,1.15,50.9534,49.2215,46.9931,50.9237,41.5189,42.335,54.8962,55.1883,44.7853,43.241,53.7302,31.3829,38.7178,46.0253,39.9693,44.9775
4/1/2017,305.85,52.94,1.79,1.34,51.7679,49.7637,47.5308,51.3744,42.3644,42.7033,55.7581,55.6711,45.3641,43.6986,54.3381,31.4584,39.2692,46.5218,40.3285,45.6158
5/1/2017,305.4,50.57,1.87,1.42,52.7426,50.3449,48.0684,52.0516,43.4383,43.1152,56.7013,56.1652,45.9224,44.1859,55.0039,31.5819,39.7863,47.0206,40.7769,46.1626
6/1/2017,305.9,47.42,1.95,1.5,53.5754,51.0106,48.7754,52.857,44.3054,43.4355,57.6013,56.5839,46.595,44.7396,55.6824,31.662,40.0494,47.5857,41.2437,46.6911
7/1/2017,305.65,49.01,2.01,1.56,54.1645,51.506,49.3233,53.4941,44.899,43.7329,58.2954,56.8585,47.1933,45.2726,56.1629,31.7158,40.2793,47.9277,41.7024,47.0938
8/1/2017,305.85,51.64,1.99,1.54,54.7536,52.0013,49.8713,54.1313,45.4927,44.0303,58.9895,57.133,47.7916,45.8057,56.6434,31.7695,40.5093,48.2698,42.1611,47.4965
9/1/2017,305.75,56.79,1.93,1.48,55.1815,52.4177,50.2831,54.8291,45.8866,44.2683,59.5641,57.4053,48.2789,46.1191,57.0924,31.8267,40.738,48.5649,42.4265,47.8602
10/1/2017,305.8,58.46,1.95,1.5,55.6024,52.8181,50.6812,55.5407,46.2752,44.5199,60.0904,57.673,48.6884,46.4234,57.5515,31.8862,40.9668,48.9287,42.6942,48.2034
11/1/2017,306,63.56,1.96,1.51,56.0371,53.2253,51.0884,56.2316,46.6818,44.7716,60.5963,57.9589,49.0888,46.7415,58.0004,32.0647,41.1659,49.2947,42.9687,48.5649
12/1/2017,306,65.11,1.96,1.51,56.3689,53.4976,51.3424,56.8608,46.9534,45.0278,60.9777,58.206,49.416,47.0412,58.5301,32.2477,41.3832,49.6333,43.2707,48.9447
1/1/2018,305.7,69.68,2,1.55,56.8196,53.8613,51.7245,57.5494,47.3636,45.3298,61.4022,58.5446,49.7981,47.366,59.0976,32.4262,41.6532,50.0337,43.6482,49.3611
2/1/2018,305.9,66.67,2.01,1.56,57.2703,54.2686,52.1294,58.2792,47.7647,45.6913,61.8726,58.9038,50.1916,47.7252,59.6198,32.6344,41.93,50.4021,43.9937,49.7592
3/1/2018,305.65,74.72,1.94,1.49,57.7485,54.7239,52.5618,58.9931,48.1947,46.0482,62.3607,59.3134,50.5828,48.1119,60.1318,32.8082,42.2297,50.8162,44.3552,50.1618
4/1/2018,305.7,72.37,1.97,1.52,58.2312,55.1975,53.0652,59.6794,48.6336,46.4051,62.8641,59.684,50.9718,48.526,60.6438,32.989,42.5592,51.2257,44.6938,50.5897
5/1/2018,305.95,77.64,1.78,1.33,58.8649,55.7351,53.644,60.4093,49.2794,46.7643,63.3828,60.1187,51.3881,48.963,61.1886,33.1835,42.9115,51.6947,45.0576,51.0404
6/1/2018,305.75,75.38,1.78,1.33,59.5925,56.3094,54.2366,61.146,50.0547,47.1922,63.9472,60.5717,51.8206,49.4137,61.7435,33.3802,43.2753,52.2141,45.4442,51.498
7/1/2018,305.9,74.72,1.83,1.38,60.2674,56.767,54.6735,61.5738,50.7581,47.6017,64.4735,60.9995,52.2598,49.8873,62.2985,33.577,43.6322,52.6877,45.8332,51.9487
8/1/2018,306.15,73.35,2,1.55,60.8989,57.2085,55.1677,62.6514,51.4795,48.0021,65.0074,61.2764,52.6076,50.2213,62.6793,33.7783,43.877,53.0171,46.1146,52.2598
9/1/2018,306.35,79.59,1.96,1.51,61.4091,57.5746,55.5498,63.4178,51.994,48.391,65.5362,61.5807,53.008,50.5668,63.0879,33.9888,44.1264,53.3855,46.4074,52.5733
10/1/2018,306.6,79.18,2.01,1.56,61.8621,58.0367,56.0005,64.1911,52.4185,48.8028,66.0879,61.8758,53.4221,50.9283,63.5167,34.2107,44.3987,53.7492,46.7163,52.9096
11/1/2018,306.8,66.59,1.8,1.35,62.3585,58.4348,56.4215,64.9736,52.8916,49.233,66.6397,62.2144,53.8453,51.2966,63.9682,34.4235,44.6915,54.1176,47.032,53.2596
12/1/2018,307,62,1.9,1.45,62.8184,58.7254,56.696,65.7652,53.3198,49.6265,67.1456,62.5347,54.2411,51.6581,64.4298,34.6431,44.9935,54.4997,47.3569,53.6326
1/1/2019,306.75,60.39,1.95,1.5,63.2828,59.199,57.22,66.5591,53.7605,50.02,67.6312,62.8459,54.6301,52.0104,64.8863,34.8513,45.2818,54.884,47.6612,54.0009
2/1/2019,306.85,64.89,1.99,1.54,63.745,59.5856,57.6181,67.3736,54.2012,50.4066,68.1092,63.1685,55.003,52.3491,65.3277,35.0595,45.5609,55.2638,47.9678,54.3624
3/1/2019,306.95,67.67,2.02,1.57,64.246,59.9014,57.9429,68.1926,54.6761,50.7887,68.5999,63.5757,55.3805,52.7449,65.7792,35.2746,45.8446,55.623,48.2652,54.7033
4/1/2019,306.95,73.08,1.94,1.49,64.8523,60.32,58.341,69.0392,55.2986,51.2005,69.1211,64.0127,55.7786,53.1635,66.2459,35.4942,46.142,55.9982,48.5649,55.0648
5/1/2019,306.95,73.65,1.94,1.49,65.573,60.7708,58.8146,69.9017,56.0775,51.6375,69.6829,64.4703,56.2019,53.5891,66.7377,35.7299,46.4578,56.3963,48.8806,55.4812
6/1/2019,306.9,66.74,2.09,1.64,66.2777,61.2878,59.3088,70.7757,56.8402,52.0448,70.2524,64.8935,56.6114,54.0123,67.2296,35.9587,46.7598,56.8196,49.1918,55.9021
7/1/2019,306.85,66.24,2.11,1.66,66.948,61.7614,59.8236,71.6657,57.5544,52.4383,70.8118,65.3191,57.0278,54.4036,67.7239,36.1829,47.0435,57.2039,49.5327,56.3162
8/1/2019,307,61.05,2.09,1.64,67.6092,62.1732,60.256,72.5625,58.2578,52.8272,71.3609,65.7263,57.4327,54.8062,68.2259,36.4139,47.3455,57.5883,49.8576,56.7212
9/1/2019,307,65.27,2.07,1.62,68.3139,62.7246,60.7891,73.4914,59.0169,53.2345,71.9406,66.1541,57.8537,55.2318,68.7455,36.6565,47.6543,57.9956,50.2122,57.1445
10/1/2019,307,59.1,2.05,1.6,69.0437,63.189,61.2924,74.4248,59.803,53.6486,72.5432,66.5911,58.2861,55.6734,69.2802,36.9058,47.9792,58.4188,50.5668,57.5837
11/1/2019,307,63.56,1.94,1.49,69.7507,63.6901,61.7728,75.3606,60.5514,54.065,73.1661,67.0052,58.7345,56.1378,69.8351,37.1667,48.3201,58.8489,50.9351,58.0527
12/1/2019,307,68.56,1.96,1.51,70.3455,64.2049,62.3357,76.3123,61.1414,54.4859,73.7991,67.353,59.1944,56.6091,70.3875,37.4092,48.6747,59.2996,51.3104,58.5355
1/1/2020,307,66.68,2.07,1.62,70.961,64.7334,62.8321,77.2755,61.7441,54.9298,74.45,67.7351,59.6703,57.0964,70.9525,37.6608,49.0408,59.7526,51.7107,59.0274
2/1/2020,306.95,58.45,2.07,1.62,71.5215,65.207,63.3515,78.2502,62.2783,55.3691,75.0119,68.1011,60.1645,57.554,71.4872,37.9171,49.416,60.1988,52.1248,59.501
3/1/2020,361,32.29,2.04,1.59,72.1209,65.7309,63.864,79.2408,62.8648,55.8244,75.6017,68.5061,60.6449,58.0184,72.0219,38.1802,49.766,60.6426,52.5298,59.9677
4/1/2020,361,14.28,2.04,1.59,72.8576,66.3395,64.5069,80.2498,63.6077,56.3048,76.2602,68.9774,61.1574,58.6201,72.7231,38.4547,50.1367,61.1254,52.9782,60.4825
5/1/2020,361,27.9,1.75,1.3,73.7087,66.9206,65.1063,81.2679,64.509,56.7784,76.9212,69.4761,61.6562,59.2996,73.4672,38.7476,50.5759,61.6173,53.4152,61.043
6/1/2020,361,40.3,1.69,1.24,74.601,67.4948,65.6874,82.318,65.4678,57.2817,77.6128,69.9932,62.1732,60.002,74.2264,39.0587,51.0221,62.1115,53.8568,61.6081
7/1/2020,381,44.1,1.65,1.2,75.5322,68.0005,66.1862,83.3865,66.4644,57.7942,78.3221,70.524,62.7109,60.7181,75.0361,39.3722,51.4797,62.6125,54.3212,62.1847
8/1/2020,381,45.06,1.65,1.2,76.5457,68.7143,66.9252,84.4801,67.5779,58.3227,79.0696,71.0708,63.292,61.4297,75.871,39.6948,51.9464,63.1318,54.7925,62.7749
9/1/2020,381,40.85,1.54,1.09,77.6782,69.3618,67.5749,85.576,68.848,58.8718,79.8679,71.6428,63.8846,62.1778,76.7563,40.0265,52.4223,63.6718,55.2753,63.4041
10/1/2020,381,39.74,1.61,1.16,78.8702,70.2266,68.4695,86.7039,70.1953,59.4369,80.6993,72.2376,64.5023,62.9534,77.6669,40.3697,52.9119,64.2369,55.7809,64.0813
11/1/2020,381,42.7,1.54,1.09,80.1354,70.7276,68.9362,87.857,71.6309,60.0272,81.5739,72.8508,65.1818,63.7542,78.6153,40.7243,53.4289,64.8317,56.3117,64.7791
12/1/2020,381,50.33,1.42,0.97,81.4281,71.5078,69.7118,89.0192,73.1006,60.6289,82.4765,73.4685,65.875,64.5686,79.5838,41.0835,53.9574,65.4426,56.863,65.4998
1/1/2021,381,54.87,1.36,0.91,82.6452,72.4069,70.6842,90.1952,74.4426,61.3061,83.407,74.1,66.5774,65.4037,80.5675,41.4244,54.4905,66.0535,57.4076,66.2068
2/1/2021,381,62.48,1.42,0.97,83.9196,73.2809,71.5719,91.3849,75.8475,61.9971,84.3706,74.7634,67.3118,66.28,81.5916,41.7745,55.0442,66.7055,57.9567,66.9412
3/1/2021,381,65.62,1.43,0.98,85.2259,74.0611,72.3085,92.6021,77.2921,62.72,85.3494,75.4452,68.0622,67.1677,82.6333,42.1199,55.6299,67.3804,58.5126,67.6893
4/1/2021,381,64.3,1.37,0.92,86.0564,74.7932,73.0887,93.8192,78.0584,63.3698,86.3282,75.9714,68.8355,67.9273,83.5338,42.4768,56.2179,67.9867,59.0846,68.4375
5/1/2021,410.75,67.83,1.34,0.89,86.9258,75.7175,74.0679,95.0615,78.8805,63.9967,87.3274,76.5091,69.6088,68.6891,84.4443,42.8383,56.8081,68.6159,59.684,69.1787
6/1/2021,410.12,73.46,1.31,0.86,87.8456,76.3329,74.6742,96.3336,79.7584,64.6464,88.3724,77.0719,70.4119,69.4624,85.3826,43.2044,57.4167,69.3023,60.3063,69.9406
7/1/2021,410.12,75.93,1.32,0.87,88.6578,77.3305,75.7518,97.6194,80.4437,65.2642,89.4427,77.7148,71.2218,70.2472,86.3335,43.5682,58.0299,70.0047,60.9355,70.7047
8/1/2021,410.39,70.72,1.24,0.79,89.5661,77.9276,76.278,98.9464,81.2982,65.8407,90.4419,78.3646,71.9562,70.9587,87.2592,43.9319,58.6064,70.723,61.5418,71.4323
9/1/2021,410.8,74.55,1.25,0.8,90.5956,78.8954,77.2801,100.2894,82.32,66.5042,91.4512,79.0303,72.7364,71.6862,88.2379,44.2866,59.1898,71.4506,62.1824,72.1896
10/1/2021,411.25,84.11,1.23,0.78,91.4856,79.5245,77.907,101.6529,83.0684,67.2226,92.5419,79.7762,73.6149,72.4962,89.3426,44.6503,59.787,72.2262,62.855,72.9697
11/1/2021,410,82.16,1.23,0.78,92.4717,80.5243,78.8679,103.0371,83.957,67.9204,93.6123,80.5541,74.4912,73.3129,90.4323,45.0233,60.4436,73.0109,63.5803,73.862
12/1/2021,435,65.41,1.2,0.75,94.151,81.4281,79.7144,104.451,85.7991,68.9225,94.9217,81.6042,75.3972,74.2006,91.5597,45.4053,61.2238,73.8803,64.3193,74.7634
1/1/2022,412,88.71,1.4,0.95,95.5374,82.4484,80.6959,105.8901,87.1915,69.9452,96.2539,82.5857,76.3215,75.1135,92.7175,45.8057,62.0222,74.7772,65.0949,75.7152
2/1/2022,417,99.64,1.26,0.81,97.0955,83.5489,81.7895,107.3612,88.8249,70.993,97.6243,83.5993,77.2801,76.0538,93.9282,46.2084,62.839,75.6969,65.9002,76.6921
3/1/2022,416,121.23,1.24,0.79,98.7908,84.3657,82.469,108.8621,90.5878,72.1026,99.0785,84.7409,78.3165,77.0513,95.3306,46.6362,63.6787,76.7265,66.7376,77.7263
4/1/2022,415,106.51,1.22,0.77,100.5296,85.3975,83.4254,110.3835,92.3975,73.2603,100.5659,85.91,79.3964,78.0877,96.7733,47.0801,64.548,77.7766,67.6024,78.7924
5/1/2022,417,116.72,1.02,0.57,102.321,86.9968,85.0589,111.9324,94.2594,74.4569,102.104,87.1043,80.5129,79.1722,98.2867,47.5514,65.4586,78.8816,68.4786,79.8975
6/1/2022,414,130.1,1.16,0.71,104.1788,88.3535,86.3996,113.5225,96.1896,75.6946,103.6854,88.3306,81.6729,80.3001,99.8758,48.0455,66.3921,80.0393,69.3892,81.0528
7/1/2022,426,120.54,1.08,0.63,106.0731,89.9024,87.9211,115.1034,98.1558,76.953,105.2999,89.5866,82.8534,81.4509,101.5077,48.5489,67.337,81.2084,70.3112,82.2288
8/1/2022,430,106.34,0.97,0.52,107.9492,91.33,89.3327,116.6958,100.0951,78.1861,106.9067,90.8381,84.0317,82.5903,103.175,49.0431,68.2773,82.3844,71.2378,83.3911
9/1/2022,435.1,93.25,0.94,0.49,109.4157,92.7805,90.7992,118.3339,101.5306,78.8908,107.7686,92.0118,84.9377,83.828,104.7741,49.4961,69.213,83.5146,72.2925,84.6334
10/1/2022,441,96.57,1.01,0.56,110.777,93.6476,91.5085,120.0361,102.7754,79.584,108.8008,93.2106,86.0221,85.1413,106.3152,49.9536,70.1419,84.6906,73.2168,85.8528
11/1/2022,446,93.36,1.19,0.74,112.3213,95.2148,93.0596,121.8206,104.2128,80.4717,110.1406,94.5125,87.1066,86.3996,108.096,50.219,70.4805,86.0679,74.1983,87.2324
12/1/2022,460,82.5,1.24,0.79,114.3518,96.7283,94.4942,123.6441,106.3022,81.4178,111.6089,95.9492,88.2723,87.7506,110.1529,50.505,70.9004,87.5333,75.364,88.7092
1/1/2023,461.5,84.78,1.27,0.82,116.3823,98.2417,95.9287,125.4675,108.3916,82.3638,113.0772,97.386,89.4379,89.1016,112.2099,50.791,71.3202,88.9987,76.5297,90.1861
2/1/2023,460,86.04,1.29,0.84,118.3705,99.2896,96.8095,127.2429,110.455,83.224,114.567,98.7359,90.5659,90.5544,114.0562,51.077,71.716,90.4812,77.6599,91.7464
3/1/2023,461,81.1,1.27,0.82,120.5669,101.1176,98.6627,129.0847,112.7378,84.1598,116.1662,100.159,91.6823,92.0781,116.5407,51.4408,72.2605,92.1331,78.7764,93.2816
4/1/2023,460.1,86.6,1,0.55,122.8708,102.591,100.0812,130.9653,115.1376,85.1115,117.8239,101.6186,92.8354,93.6568,119.1437,51.816,72.8393,93.865,80.0942,94.8831
5/1/2023,466,76.91,1.19,0.74,125.2547,104.4464,101.9298,132.8894,117.6596,86.0404,119.4866,103.0554,94.0869,95.4116,121.7467,52.1958,73.4754,95.4985,81.4235,96.5716
6/1/2023,770.88,76.97,1.26,0.81,127.9224,106.2653,103.7326,135.207,120.4785,87.1089,121.3604,104.7164,95.3819,97.2694,124.6776,52.6282,74.2761,97.2442,82.8877,98.3836
7/1/2023,758.022,82.27,1.09,0.64,131.6128,108.6012,105.9221,138.0554,124.6394,88.6006,122.5401,107.4413,96.5761,99.2392,128.171,52.7471,74.7657,98.6352,84.8324,99.9004
8/1/2023,757.52,89.3,1.18,0.73,135.7973,111.0012,108.226,140.2335,129.4605,90.1792,123.763,110.6283,97.9122,101.518,131.1347,52.8364,75.3812,99.7128,87.4612,101.5523
9/1/2023,769.26,98.16,1.35,0.9,138.6457,113.2845,110.6306,144.0383,132.6356,91.2591,125.0825,112.692,98.8388,103.1995,133.2535,52.9233,75.6306,101.3532,89.4722,103.195
10/1/2023,825.49,94.9,1.35,0.9,141.0503,114.8998,112.1681,147.3534,135.172,92.6776,126.6181,114.5795,100.0514,104.9955,135.0594,53.0926,76.0195,102.5315,90.8061,104.7713
11/1/2023,942.617,85.76,1.25,0.8,143.9971,116.6912,113.8885,150.7463,138.4407,93.762,128.4563,116.5951,101.2869,107.0043,137.3018,53.2848,76.715,103.6457,92.1148,106.0777
12/1/2023,899.893,79.12,1.34,0.89,147.2893,118.7411,115.9636,154.3886,142.2094,94.9266,130.3098,118.8899,102.7511,108.6356,139.4356,53.445,77.136,104.4533,93.6065,107.3612
1/1/2024,1357.383,82.18,1.43,0.98,86.73563051,88.92092325,88.52822351,84.18867462,85.11460097,88.03695241,92.07780935,88.21200076,91.17423673,91.08993589,88.18704204,99.04197451,95.18691255,91.65978455,86.50834569,90.0266947
2/1/2024,1544.581,86.08,1.32,0.87,89.43951981,90.76638226,90.45065004,87.75980632,88.34014971,90.01488082,93.30940424,90.39520034,92.76713407,92.91890576,89.74040276,99.15008953,96.44064751,93.12785299,88.433705,91.89948673
3/1/2024,1330.76,88.8,1.23,0.78,92.13972651,92.97051319,92.74738049,91.14796613,91.53498427,91.93072809,94.54215456,92.87474666,94.03516715,94.43388796,91.2812265,99.34722478,97.55692684,94.51329261,91.13446329,93.36821545
4/1/2024,1330.205,93.12,1.28,0.83,94.24683465,94.92463303,94.78406099,93.25153826,93.82791762,94.16188799,95.65435744,95.05984757,95.61674956,95.78270412,93.24300758,99.61869894,98.35255705,95.86681799,93.14593491,94.78062434
5/1/2024,1483.482,84.01,1.25,0.8,96.26267866,96.77698865,96.6909766,95.19895798,95.97182142,96.16261478,97.11556595,97.04323355,96.95579906,97.15268489,95.46675565,99.83645935,98.86684101,97.26600614,95.28433218,96.52943966
6/1/2024,1470.691,83.64,1.28,0.83,98.48672969,98.59663779,98.68084524,97.97474716,98.4184095,98.01842895,98.45813134,99.13766384,98.36418611,98.53393623,97.7586476,99.92602244,99.66222348,98.74496356,97.81316862,98.26686022
7/1/2024,1611.71,87.28,1.31,0.86,100.7279198,100.5608103,100.812241,100.4304585,100.8513391,100.5747301,100.2404977,101.0087738,100.1502259,100.3775985,100.1778774,100.0384321,100.4629356,99.90405988,100.2395587,100.3013272
8/1/2024,1596.64,82.88,1.35,0.9,102.9598745,102.8455181,103.100917,103.0495276,103.2414683,103.1997324,101.9144897,102.9117367,101.9894626,102.0990818,102.8653625,100.1320997,101.0169555,101.3238895,102.8736353,102.0801907
9/1/2024,1601.53,76.05,1.32,0.87,105.5539153,105.0743235,105.264854,106.7661931,105.9653229,105.9515539,103.7333689,105.2941161,104.4777598,103.9831306,105.8013498,100.3572134,101.8971556,103.5403659,106.2268824,104.7325016
10/1/2024,1670.47,76.69,1.33,0.88,108.3401334,107.3561035,107.5151212,110.3622743,109.0780814,108.2253724,105.5948067,107.2443215,106.4459113,105.8885309,108.9667743,100.6901893,102.8161521,105.913054,109.9147527,107.2116913
11/1/2024,1663.896,75.44,1.49,1.04,111.1982543,109.4134331,109.4863787,113.9694135,112.3320095,110.5863589,107.6768105,109.2752473,108.167259,107.849159,111.8713853,100.8570093,103.5117989,108.0111663,113.0233546,109.2502276
12/1/2024,1535.82,74.72,1.48,1.03,113.9087828,111.7937333,111.9383513,115.9004424,115.3238952,113.1367592,109.6826036,111.5431119,109.8561087,109.8904443,114.6401686,101.0045866,104.2288938,110.1287465,115.4018666,111.5527406
1/1/2025,1478.22,80.76,1.54,1.09,110.68,110.7,110.9,111.47,110.33,114.7989,112.734,107.6146,111.482,109.417,112.7659,107.5387,106.8527,104.8804,114.1385,112.0402
2/1/2025,1492.491,77.08,1.47,1.02,112.93923,113.116378,113.661447,113.37547,112.176425,118.186333,106.90465,110.520791,114.876799,111.095596,115.223062,111.739235,108.338622,108.422496,117.592874,115.473522
3/1/2025,1536.82,74.44,1.4,0.95,117.34,117.85,117.9,113.92,114.62,124.7,115.52,124.05,124.14,122.42,117.56,116.75,110.33,113.3,117.54,118.3
4/1/2025,1596.6891,69.07,1.49,1.04,119.52,120.670503,119.474286,115.346526,116.98,126.886516,118.364496,129.433011,124.4,126.245677,119.349269,120.089814,110.524568,125.851855,118.021536,125.392337
5/1/2025,1586.1524,65.9,1.45,1,121.35,121.820202,120.788534,113.675094,119.536856,127.048468,118.906376,130.690768,125.424952,127.422685,119.030955,122.019653,110.909369,126.51242,123.441387,126.46765
6/1/2025,1529.7105,73.5,1.51,1.06,123.390735,123.249483,123.75723,116.685185,123.42437,128.233809,119.188995,131.639476,127.379024,127.556961,121.462103,125.341654,111.363947,126.144166,124.185464,127.508533
7/1/2025,1533.55,73.18,1.51,1.06,125.85,124.63,124.96,118.49,127.27,129.07,120.14,130.13,127.59,129.85,121.91,127.84,112.26,126.61,126.55,130.25
8/1/2025,1530.5703,70.55,1.43,0.98,126.78649,126.12,126.743876,120.01104,129.366544,128.112198,122.665633,125.049337,127.519841,135.314227,125.078488,125.826292,110.56415,123.147686,129.920931,134.353983
9/1/2025,1475.3473,70.2,1.39,0.94,127.7,127.78,128.54,124.07,127.33,128.176272,123.365576,126.869397,132.017509,137.800751,126.209985,126.388095,111.731672,126.439491,130.043288,134.514524
10/1/2025,1421.7343,66.15,1.4,0.95,128.89,129.48,130.36,124.5,126.86,128.58,123.83,130.5,133.22,138.58,129.89,127.07,112.63,127.42,132.77,136.77
11/1/2025,1446.7421,65.22,1.44,0.99,130.466156,131.120365,132.027658,125.25,128.29,129.97,123.96,131.2,133.47,142.34,133.71,127.2288,114.41,127.45,135.63,139.01
12/1/2025,1435.7571,65.22,1.44,0.99,131.166592,132.1,132.79,128.72,127.83,130.09,124.12,131.21,133.62,142.36,133.87,126.48,116.86,128.15,136.19,139.11
1/1/2026,1435.7571,68.05,1.46,1.01,127.39,129.72,130.55,119.96,120.14,130.44,125.03,131.89,133.59,142.59,132.5,123.62,108.48,128.46,136.08,139.5
2/1/2026,1435.7571,72.33,1.31,0.86,129.95,130.76,131.71,120.74,125.77,129.34,124.16,131.3,134.67,142.9,132.16,123.69,109.36,128.58,137.61,139.97
